ID,TARGET
1,0.009045
2,0.003296
3,0.033002
4,0.002559
5,0.079721
6,0.202442
7,0.000826
8,0.027155
9,0.016918
10,0.000844
11,0.055273
12,0.268253
13,0.001794
14,0.034680
15,0.009842
16,0.059610
17,0.069523
18,0.007678
19,0.001234
20,0.164666
21,0.203236
22,0.004079
23,0.002901
24,0.116092
25,0.021200
26,0.001660
27,0.157991
28,0.065617
29,0.000410
30,0.013177
31,0.000499
32,0.002764
33,0.006558
34,0.050310
35,0.020988
36,0.007691
37,0.005869
38,0.001488
39,0.003604
40,0.001989
41,0.171565
42,0.016168
43,0.005526
44,0.028380
45,0.000914
46,0.392633
47,0.001349
48,0.016255
49,0.000774
50,0.098113
51,0.036191
52,0.112570
53,0.138167
54,0.000207
55,0.129375
56,0.019693
57,0.040693
58,0.054014
59,0.002554
60,0.024945
61,0.000825
62,0.001119
63,0.058672
64,0.029018
65,0.069548
66,0.014660
67,0.045344
68,0.014632
69,0.019026
70,0.006655
71,0.000735
72,0.027019
73,0.003414
74,0.012084
75,0.000296
76,0.197687
77,0.034503
78,0.272406
79,0.014037
80,0.001100
81,0.249402
82,0.008716
83,0.043840
84,0.000712
85,0.004480
86,0.000615
87,0.000882
88,0.002439
89,0.001025
90,0.000551
91,0.032411
92,0.000747
93,0.002984
94,0.003113
95,0.198880
96,0.019689
97,0.000351
98,0.067090
99,0.002837
100,0.020266
101,0.008987
102,0.025472
103,0.009934
104,0.059433
105,0.014102
106,0.002702
107,0.019969
108,0.001491
109,0.115100
110,0.000563
111,0.000448
112,0.062170
113,0.072052
114,0.012663
115,0.000519
116,0.000564
117,0.006304
118,0.008625
119,0.000278
120,0.003915
121,0.181009
122,0.027560
123,0.204607
124,0.000444
125,0.050333
126,0.019262
127,0.011171
128,0.049774
129,0.000427
130,0.000249
131,0.010073
132,0.000354
133,0.001115
134,0.000485
135,0.000664
136,0.006169
137,0.005957
138,0.014018
139,0.139181
140,0.010045
141,0.025281
142,0.036504
143,0.034997
144,0.020534
145,0.000469
146,0.028380
147,0.008496
148,0.001145
149,0.006483
150,0.102075
151,0.040026
152,0.002504
153,0.243235
154,0.018108
155,0.014717
156,0.000293
157,0.071340
158,0.008553
159,0.004563
160,0.016465
161,0.373414
162,0.001627
163,0.556656
164,0.001618
165,0.001974
166,0.000296
167,0.010519
168,0.003896
169,0.008868
170,0.003294
171,0.276194
172,0.248127
173,0.004456
174,0.000624
175,0.015380
176,0.144006
177,0.020925
178,0.008182
179,0.018272
180,0.002826
181,0.000310
182,0.001722
183,0.013664
184,0.014067
185,0.002292
186,0.001451
187,0.030436
188,0.010767
189,0.009718
190,0.125766
191,0.001153
192,0.001450
193,0.005266
194,0.004107
195,0.000362
196,0.002253
197,0.084682
198,0.004654
199,0.007212
200,0.015740
201,0.000382
202,0.038570
203,0.001559
204,0.042201
205,0.030212
206,0.040333
207,0.007311
208,0.013285
209,0.147154
210,0.003149
211,0.048170
212,0.002570
213,0.009266
214,0.001456
215,0.106070
216,0.002885
217,0.003267
218,0.002973
219,0.060635
220,0.005606
221,0.010331
222,0.047357
223,0.024951
224,0.003942
225,0.000733
226,0.035250
227,0.017004
228,0.002572
229,0.166732
230,0.232512
231,0.016272
232,0.168356
233,0.049013
234,0.007572
235,0.000814
236,0.006718
237,0.292803
238,0.173839
239,0.008465
240,0.036203
241,0.031943
242,0.000372
243,0.004185
244,0.001692
245,0.002045
246,0.064654
247,0.003548
248,0.002192
249,0.003265
250,0.006611
251,0.041091
252,0.372321
253,0.037231
254,0.000312
255,0.037063
256,0.057200
257,0.001597
258,0.009320
259,0.000295
260,0.006148
261,0.004401
262,0.056894
263,0.044077
264,0.249099
265,0.012334
266,0.003005
267,0.048660
268,0.049325
269,0.015118
270,0.057323
271,0.010764
272,0.059864
273,0.009332
274,0.042306
275,0.059175
276,0.032758
277,0.001274
278,0.001463
279,0.000867
280,0.002824
281,0.025047
282,0.008026
283,0.000596
284,0.118767
285,0.001437
286,0.000844
287,0.265519
288,0.000238
289,0.000884
290,0.001824
291,0.005429
292,0.025819
293,0.001266
294,0.004716
295,0.006580
296,0.038177
297,0.028099
298,0.000558
299,0.028424
300,0.001447
301,0.006056
302,0.043010
303,0.001324
304,0.025765
305,0.008693
306,0.000801
307,0.000379
308,0.023747
309,0.060979
310,0.044564
311,0.000482
312,0.000810
313,0.005618
314,0.001259
315,0.003287
316,0.232897
317,0.006410
318,0.001000
319,0.062307
320,0.001923
321,0.149761
322,0.024405
323,0.009795
324,0.146654
325,0.020348
326,0.001772
327,0.001718
328,0.014877
329,0.038951
330,0.002489
331,0.010653
332,0.004099
333,0.004529
334,0.002171
335,0.034868
336,0.002061
337,0.104247
338,0.006669
339,0.000525
340,0.031613
341,0.001587
342,0.005142
343,0.062652
344,0.187359
345,0.282036
346,0.001551
347,0.008910
348,0.010679
349,0.006928
350,0.079650
351,0.029740
352,0.051088
353,0.010176
354,0.013295
355,0.002343
356,0.004933
357,0.080676
358,0.000587
359,0.005513
360,0.011540
361,0.015572
362,0.108651
363,0.090947
364,0.002341
365,0.009887
366,0.001808
367,0.029400
368,0.236352
369,0.306631
370,0.255046
371,0.023765
372,0.032149
373,0.001932
374,0.246638
375,0.047631
376,0.040368
377,0.006374
378,0.030847
379,0.364967
380,0.000379
381,0.001351
382,0.001736
383,0.014370
384,0.000834
385,0.000310
386,0.000995
387,0.022797
388,0.000749
389,0.047296
390,0.009305
391,0.000442
392,0.055416
393,0.022558
394,0.003402
395,0.048611
396,0.014019
397,0.001619
398,0.002054
399,0.008755
400,0.003827
401,0.001424
402,0.011215
403,0.011607
404,0.001523
405,0.000504
406,0.000891
407,0.096443
408,0.013726
409,0.041197
410,0.001889
411,0.227250
412,0.200910
413,0.001195
414,0.000610
415,0.007147
416,0.002329
417,0.002235
418,0.363790
419,0.015742
420,0.027027
421,0.000771
422,0.054569
423,0.004033
424,0.007503
425,0.003044
426,0.013916
427,0.001630
428,0.007078
429,0.073308
430,0.001225
431,0.065855
432,0.026547
433,0.209375
434,0.226717
435,0.001055
436,0.017100
437,0.015216
438,0.000467
439,0.022289
440,0.001065
441,0.034254
442,0.028502
443,0.003090
444,0.009266
445,0.005707
446,0.000374
447,0.000675
448,0.030974
449,0.021883
450,0.000315
451,0.073645
452,0.024690
453,0.017695
454,0.028441
455,0.012931
456,0.013629
457,0.045157
458,0.001565
459,0.016517
460,0.092155
461,0.011679
462,0.068812
463,0.105892
464,0.000914
465,0.002291
466,0.007259
467,0.004283
468,0.011347
469,0.024301
470,0.032597
471,0.126413
472,0.043656
473,0.024996
474,0.155069
475,0.000360
476,0.010660
477,0.149239
478,0.019782
479,0.003870
480,0.208582
481,0.006899
482,0.046727
483,0.002491
484,0.001598
485,0.020300
486,0.013561
487,0.029990
488,0.000985
489,0.142933
490,0.124209
491,0.034255
492,0.012599
493,0.068118
494,0.003500
495,0.000300
496,0.423959
497,0.181837
498,0.031802
499,0.064620
500,0.000432
501,0.001258
502,0.023285
503,0.000438
504,0.025901
505,0.000499
506,0.000594
507,0.000616
508,0.011331
509,0.010333
510,0.089485
511,0.006844
512,0.050909
513,0.001031
514,0.011210
515,0.031034
516,0.020869
517,0.000364
518,0.217390
519,0.009691
520,0.049632
521,0.018488
522,0.026276
523,0.002205
524,0.007036
525,0.000691
526,0.007284
527,0.315786
528,0.115234
529,0.054854
530,0.001874
531,0.007337
532,0.004970
533,0.031133
534,0.000733
535,0.001010
536,0.001192
537,0.001156
538,0.003838
539,0.005722
540,0.146597
541,0.302602
542,0.006436
543,0.001662
544,0.076378
545,0.000598
546,0.009420
547,0.017180
548,0.007975
549,0.004325
550,0.006522
551,0.016054
552,0.005150
553,0.022393
554,0.001032
555,0.006408
556,0.000536
557,0.000756
558,0.013474
559,0.077109
560,0.000392
561,0.021883
562,0.000375
563,0.010411
564,0.006767
565,0.000969
566,0.025463
567,0.003172
568,0.000381
569,0.010872
570,0.007955
571,0.000673
572,0.002743
573,0.000392
574,0.007072
575,0.195907
576,0.163430
577,0.000239
578,0.026952
579,0.032499
580,0.033486
581,0.161504
582,0.043524
583,0.000725
584,0.001072
585,0.011426
586,0.002281
587,0.003034
588,0.003157
589,0.000273
590,0.002660
591,0.054238
592,0.022000
593,0.000304
594,0.090864
595,0.000489
596,0.000486
597,0.011219
598,0.022558
599,0.000565
600,0.058874
601,0.018141
602,0.008450
603,0.005060
604,0.018151
605,0.011850
606,0.014435
607,0.080676
608,0.003850
609,0.019251
610,0.000244
611,0.009261
612,0.046993
613,0.001086
614,0.050356
615,0.015759
616,0.002140
617,0.006708
618,0.011990
619,0.008472
620,0.019022
621,0.196417
622,0.144703
623,0.000352
624,0.002201
625,0.000660
626,0.378609
627,0.482824
628,0.407447
629,0.232977
630,0.000876
631,0.032112
632,0.036577
633,0.115068
634,0.107452
635,0.035082
636,0.013849
637,0.034637
638,0.001303
639,0.049513
640,0.001839
641,0.004182
642,0.011044
643,0.002943
644,0.140133
645,0.003834
646,0.050246
647,0.392686
648,0.025726
649,0.000971
650,0.008314
651,0.016547
652,0.001126
653,0.004647
654,0.001130
655,0.004663
656,0.009625
657,0.000958
658,0.299337
659,0.138244
660,0.154187
661,0.067595
662,0.002929
663,0.016726
664,0.035850
665,0.004531
666,0.016505
667,0.142880
668,0.006484
669,0.016548
670,0.002819
671,0.041150
672,0.060428
673,0.009257
674,0.000812
675,0.065811
676,0.002711
677,0.004766
678,0.025379
679,0.000890
680,0.002064
681,0.185488
682,0.001872
683,0.012182
684,0.185074
685,0.000488
686,0.003115
687,0.020064
688,0.004185
689,0.011126
690,0.000332
691,0.012090
692,0.007688
693,0.007873
694,0.000550
695,0.004352
696,0.003208
697,0.000869
698,0.061160
699,0.005117
700,0.005593
701,0.136683
702,0.022553
703,0.050171
704,0.082878
705,0.003830
706,0.272288
707,0.021347
708,0.001142
709,0.047159
710,0.007733
711,0.074292
712,0.010377
713,0.026213
714,0.033357
715,0.115871
716,0.026279
717,0.007932
718,0.016449
719,0.018383
720,0.000563
721,0.002691
722,0.039496
723,0.022760
724,0.024816
725,0.054032
726,0.002815
727,0.005588
728,0.000649
729,0.008649
730,0.035397
731,0.020716
732,0.031919
733,0.045048
734,0.046707
735,0.003390
736,0.002731
737,0.000994
738,0.030448
739,0.042525
740,0.006564
741,0.002846
742,0.000684
743,0.119590
744,0.005173
745,0.029083
746,0.019354
747,0.035243
748,0.074747
749,0.153366
750,0.007625
751,0.054734
752,0.005730
753,0.001130
754,0.000398
755,0.022914
756,0.000263
757,0.096403
758,0.074840
759,0.002240
760,0.000428
761,0.042027
762,0.070328
763,0.051970
764,0.007009
765,0.000456
766,0.051329
767,0.000247
768,0.008047
769,0.002343
770,0.038981
771,0.198322
772,0.000645
773,0.050073
774,0.026139
775,0.001832
776,0.000357
777,0.006843
778,0.251113
779,0.091652
780,0.188066
781,0.001089
782,0.000523
783,0.002030
784,0.050278
785,0.236857
786,0.178702
787,0.218282
788,0.022398
789,0.017579
790,0.000424
791,0.002985
792,0.011729
793,0.036422
794,0.029297
795,0.042638
796,0.067256
797,0.046944
798,0.019939
799,0.002914
800,0.206643
801,0.001310
802,0.037473
803,0.006762
804,0.003533
805,0.457103
806,0.000338
807,0.001751
808,0.195224
809,0.037761
810,0.016642
811,0.003513
812,0.206980
813,0.009403
814,0.016094
815,0.000958
816,0.018404
817,0.002994
818,0.078050
819,0.000620
820,0.039683
821,0.083746
822,0.057604
823,0.020355
824,0.000609
825,0.047782
826,0.019136
827,0.000844
828,0.153566
829,0.000634
830,0.008744
831,0.035196
832,0.000811
833,0.062510
834,0.105457
835,0.014604
836,0.008831
837,0.001898
838,0.005335
839,0.011983
840,0.018521
841,0.035012
842,0.014897
843,0.009627
844,0.016352
845,0.008821
846,0.004427
847,0.005538
848,0.040727
849,0.002298
850,0.177561
851,0.000431
852,0.203904
853,0.000846
854,0.020883
855,0.001116
856,0.483271
857,0.000113
858,0.223886
859,0.001363
860,0.171103
861,0.136721
862,0.001419
863,0.046436
864,0.001373
865,0.000365
866,0.005504
867,0.001049
868,0.119632
869,0.061906
870,0.048993
871,0.006875
872,0.059794
873,0.013282
874,0.013507
875,0.002092
876,0.055189
877,0.390301
878,0.000370
879,0.000930
880,0.022043
881,0.375591
882,0.038624
883,0.109592
884,0.010295
885,0.120679
886,0.085838
887,0.000233
888,0.083952
889,0.003749
890,0.012624
891,0.003986
892,0.004084
893,0.033078
894,0.057895
895,0.000363
896,0.036190
897,0.020434
898,0.010450
899,0.102454
900,0.000346
901,0.101714
902,0.001587
903,0.001709
904,0.164407
905,0.003050
906,0.001279
907,0.008123
908,0.003976
909,0.000470
910,0.016132
911,0.004325
912,0.100280
913,0.026484
914,0.056010
915,0.095459
916,0.020575
917,0.017847
918,0.002029
919,0.001517
920,0.000997
921,0.001825
922,0.342824
923,0.211727
924,0.000518
925,0.000977
926,0.000388
927,0.000743
928,0.040606
929,0.006177
930,0.001441
931,0.030165
932,0.005057
933,0.022092
934,0.002855
935,0.036435
936,0.000777
937,0.001463
938,0.000416
939,0.014248
940,0.000725
941,0.006846
942,0.011466
943,0.130075
944,0.002289
945,0.010116
946,0.007266
947,0.021208
948,0.030581
949,0.009899
950,0.009503
951,0.047259
952,0.000428
953,0.077459
954,0.011117
955,0.038520
956,0.000918
957,0.001187
958,0.000727
959,0.001070
960,0.001416
961,0.308432
962,0.081853
963,0.018239
964,0.003907
965,0.087337
966,0.012927
967,0.030733
968,0.039591
969,0.015086
970,0.008907
971,0.018107
972,0.032344
973,0.011543
974,0.047356
975,0.009994
976,0.005681
977,0.000654
978,0.334207
979,0.005331
980,0.013626
981,0.009619
982,0.033837
983,0.042401
984,0.128532
985,0.002512
986,0.000543
987,0.307182
988,0.002164
989,0.005933
990,0.005945
991,0.129728
992,0.003231
993,0.027903
994,0.001194
995,0.003771
996,0.022484
997,0.031278
998,0.001400
999,0.006884
1000,0.000581
1001,0.000393
1002,0.001166
1003,0.006729
1004,0.090195
1005,0.009044
1006,0.049855
1007,0.022330
1008,0.026374
1009,0.019181
1010,0.001145
1011,0.004299
1012,0.367638
1013,0.039048
1014,0.035465
1015,0.000937
1016,0.035946
1017,0.007371
1018,0.003199
1019,0.005111
1020,0.247112
1021,0.106857
1022,0.000363
1023,0.036450
1024,0.038695
1025,0.196924
1026,0.002576
1027,0.001538
1028,0.026856
1029,0.000305
1030,0.007026
1031,0.001322
1032,0.049321
1033,0.039791
1034,0.000565
1035,0.053391
1036,0.083586
1037,0.008835
1038,0.020065
1039,0.049863
1040,0.003498
1041,0.173592
1042,0.118972
1043,0.023139
1044,0.263593
1045,0.000412
1046,0.009423
1047,0.032051
1048,0.004257
1049,0.018614
1050,0.008011
1051,0.006194
1052,0.000258
1053,0.025987
1054,0.107437
1055,0.002637
1056,0.000508
1057,0.000894
1058,0.013001
1059,0.001783
1060,0.007721
1061,0.000234
1062,0.001660
1063,0.306272
1064,0.000628
1065,0.076496
1066,0.345376
1067,0.283109
1068,0.014319
1069,0.000757
1070,0.003899
1071,0.041709
1072,0.009054
1073,0.010775
1074,0.018752
1075,0.002900
1076,0.074534
1077,0.221467
1078,0.031516
1079,0.000482
1080,0.006922
1081,0.000361
1082,0.007288
1083,0.237313
1084,0.000777
1085,0.058273
1086,0.014109
1087,0.023824
1088,0.020881
1089,0.180245
1090,0.000212
1091,0.008533
1092,0.010685
1093,0.211673
1094,0.014392
1095,0.001128
1096,0.030677
1097,0.025155
1098,0.048062
1099,0.010895
1100,0.062822
1101,0.002670
1102,0.016017
1103,0.004723
1104,0.077073
1105,0.014015
1106,0.001047
1107,0.009069
1108,0.055570
1109,0.000809
1110,0.013054
1111,0.002320
1112,0.000821
1113,0.005778
1114,0.025865
1115,0.025362
1116,0.151916
1117,0.049791
1118,0.031462
1119,0.001759
1120,0.013816
1121,0.028556
1122,0.022261
1123,0.008152
1124,0.042412
1125,0.456281
1126,0.000459
1127,0.000982
1128,0.005930
1129,0.001556
1130,0.006744
1131,0.083889
1132,0.003743
1133,0.008522
1134,0.037527
1135,0.001430
1136,0.005138
1137,0.058917
1138,0.010525
1139,0.009883
1140,0.000340
1141,0.342845
1142,0.000526
1143,0.001117
1144,0.000839
1145,0.015163
1146,0.000400
1147,0.089086
1148,0.000361
1149,0.019413
1150,0.005360
1151,0.116062
1152,0.001192
1153,0.000553
1154,0.000685
1155,0.063700
1156,0.000440
1157,0.046567
1158,0.001069
1159,0.020830
1160,0.000734
1161,0.115660
1162,0.010074
1163,0.113797
1164,0.041089
1165,0.008144
1166,0.000697
1167,0.068825
1168,0.066547
1169,0.047225
1170,0.047408
1171,0.031607
1172,0.004825
1173,0.053600
1174,0.056766
1175,0.001596
1176,0.080623
1177,0.000773
1178,0.043868
1179,0.002719
1180,0.036026
1181,0.013205
1182,0.084876
1183,0.150757
1184,0.001516
1185,0.040354
1186,0.000551
1187,0.030199
1188,0.159171
1189,0.009366
1190,0.007131
1191,0.000784
1192,0.143428
1193,0.029426
1194,0.025528
1195,0.001259
1196,0.000605
1197,0.034155
1198,0.005052
1199,0.026639
1200,0.075968
1201,0.440243
1202,0.000297
1203,0.003262
1204,0.002187
1205,0.030102
1206,0.033340
1207,0.001629
1208,0.002478
1209,0.030566
1210,0.174226
1211,0.070135
1212,0.000426
1213,0.011901
1214,0.198629
1215,0.054648
1216,0.003544
1217,0.025370
1218,0.022819
1219,0.000338
1220,0.018215
1221,0.001245
1222,0.003487
1223,0.010049
1224,0.001529
1225,0.049695
1226,0.000467
1227,0.037482
1228,0.000388
1229,0.073147
1230,0.013660
1231,0.000583
1232,0.008436
1233,0.029915
1234,0.017719
1235,0.007185
1236,0.029674
1237,0.011619
1238,0.017776
1239,0.262165
1240,0.007205
1241,0.001882
1242,0.000269
1243,0.029110
1244,0.025801
1245,0.060875
1246,0.018658
1247,0.000520
1248,0.003764
1249,0.033692
1250,0.204094
1251,0.240666
1252,0.001808
1253,0.007286
1254,0.013913
1255,0.037071
1256,0.000869
1257,0.006889
1258,0.010012
1259,0.262797
1260,0.025332
1261,0.054340
1262,0.013777
1263,0.004613
1264,0.028194
1265,0.027404
1266,0.039709
1267,0.158594
1268,0.016756
1269,0.015261
1270,0.025468
1271,0.040114
1272,0.002455
1273,0.040869
1274,0.118289
1275,0.061281
1276,0.008066
1277,0.008310
1278,0.005262
1279,0.058203
1280,0.020105
1281,0.008480
1282,0.095652
1283,0.000398
1284,0.034079
1285,0.005781
1286,0.008487
1287,0.000430
1288,0.043559
1289,0.000674
1290,0.046395
1291,0.237717
1292,0.028537
1293,0.151030
1294,0.078183
1295,0.003553
1296,0.003408
1297,0.007095
1298,0.031043
1299,0.019684
1300,0.128544
1301,0.001075
1302,0.201881
1303,0.204335
1304,0.001870
1305,0.031200
1306,0.000778
1307,0.002920
1308,0.000503
1309,0.003825
1310,0.019383
1311,0.006371
1312,0.000529
1313,0.040994
1314,0.014686
1315,0.003066
1316,0.012810
1317,0.094708
1318,0.009352
1319,0.001780
1320,0.020449
1321,0.009059
1322,0.035054
1323,0.050622
1324,0.014335
1325,0.018845
1326,0.012065
1327,0.022915
1328,0.206972
1329,0.002638
1330,0.015008
1331,0.406098
1332,0.039702
1333,0.003838
1334,0.004559
1335,0.013085
1336,0.063188
1337,0.008075
1338,0.001738
1339,0.000919
1340,0.000416
1341,0.024264
1342,0.113821
1343,0.001231
1344,0.026569
1345,0.007992
1346,0.000630
1347,0.013590
1348,0.068883
1349,0.000478
1350,0.000703
1351,0.287303
1352,0.000284
1353,0.006705
1354,0.002124
1355,0.131172
1356,0.000684
1357,0.000900
1358,0.007574
1359,0.045928
1360,0.048033
1361,0.001116
1362,0.046296
1363,0.000454
1364,0.021865
1365,0.002213
1366,0.001381
1367,0.011228
1368,0.003277
1369,0.002787
1370,0.017374
1371,0.012097
1372,0.004377
1373,0.002382
1374,0.059668
1375,0.018831
1376,0.000556
1377,0.007047
1378,0.002616
1379,0.019670
1380,0.009196
1381,0.318934
1382,0.005392
1383,0.013824
1384,0.028153
1385,0.041345
1386,0.023344
1387,0.099343
1388,0.000269
1389,0.023795
1390,0.001543
1391,0.001245
1392,0.224431
1393,0.265568
1394,0.001047
1395,0.000526
1396,0.001591
1397,0.044494
1398,0.001828
1399,0.004697
1400,0.021210
1401,0.016810
1402,0.006433
1403,0.019073
1404,0.018906
1405,0.183522
1406,0.001398
1407,0.006576
1408,0.000493
1409,0.039890
1410,0.117893
1411,0.000763
1412,0.006592
1413,0.002772
1414,0.001957
1415,0.000713
1416,0.126496
1417,0.092418
1418,0.007363
1419,0.003568
1420,0.007499
1421,0.003345
1422,0.001189
1423,0.005187
1424,0.166788
1425,0.062682
1426,0.016079
1427,0.256239
1428,0.034894
1429,0.000371
1430,0.038280
1431,0.014759
1432,0.396409
1433,0.008323
1434,0.150438
1435,0.003837
1436,0.169934
1437,0.029943
1438,0.000417
1439,0.000320
1440,0.065227
1441,0.002980
1442,0.067969
1443,0.005367
1444,0.010884
1445,0.041846
1446,0.001740
1447,0.001348
1448,0.094240
1449,0.045255
1450,0.183792
1451,0.004503
1452,0.042014
1453,0.000613
1454,0.000988
1455,0.003334
1456,0.007056
1457,0.324262
1458,0.005134
1459,0.055081
1460,0.001562
1461,0.050516
1462,0.000364
1463,0.005154
1464,0.000929
1465,0.014013
1466,0.001326
1467,0.001240
1468,0.001106
1469,0.009967
1470,0.000616
1471,0.049361
1472,0.000318
1473,0.232563
1474,0.000722
1475,0.139230
1476,0.001833
1477,0.001564
1478,0.198799
1479,0.102234
1480,0.011809
1481,0.004747
1482,0.259153
1483,0.042692
1484,0.002369
1485,0.000419
1486,0.027712
1487,0.007965
1488,0.019934
1489,0.001194
1490,0.321362
1491,0.013949
1492,0.000713
1493,0.008346
1494,0.003641
1495,0.023673
1496,0.005222
1497,0.001052
1498,0.006448
1499,0.000307
1500,0.012093
1501,0.000214
1502,0.017724
1503,0.000681
1504,0.008568
1505,0.006953
1506,0.031866
1507,0.084886
1508,0.044031
1509,0.030129
1510,0.000571
1511,0.037818
1512,0.008460
1513,0.072695
1514,0.032076
1515,0.079144
1516,0.084768
1517,0.037239
1518,0.043544
1519,0.002672
1520,0.000664
1521,0.086267
1522,0.395366
1523,0.023506
1524,0.004780
1525,0.007025
1526,0.014180
1527,0.014568
1528,0.004345
1529,0.237604
1530,0.003438
1531,0.001935
1532,0.067122
1533,0.000364
1534,0.021048
1535,0.447844
1536,0.010106
1537,0.013186
1538,0.041611
1539,0.002630
1540,0.017363
1541,0.001058
1542,0.090375
1543,0.000676
1544,0.003967
1545,0.001883
1546,0.001301
1547,0.011306
1548,0.196249
1549,0.010670
1550,0.041455
1551,0.005209
1552,0.010031
1553,0.002089
1554,0.005697
1555,0.013760
1556,0.035132
1557,0.045069
1558,0.012916
1559,0.019466
1560,0.132462
1561,0.031752
1562,0.001272
1563,0.001883
1564,0.135060
1565,0.005109
1566,0.003586
1567,0.027681
1568,0.091931
1569,0.006071
1570,0.037197
1571,0.131537
1572,0.002642
1573,0.000306
1574,0.003399
1575,0.010673
1576,0.039314
1577,0.023467
1578,0.006819
1579,0.000341
1580,0.034179
1581,0.078564
1582,0.030459
1583,0.155271
1584,0.083440
1585,0.028761
1586,0.001709
1587,0.001212
1588,0.015863
1589,0.012206
1590,0.000463
1591,0.066119
1592,0.006859
1593,0.041224
1594,0.087946
1595,0.056807
1596,0.039786
1597,0.001113
1598,0.013314
1599,0.034832
1600,0.011274
1601,0.025544
1602,0.218383
1603,0.139194
1604,0.141289
1605,0.016400
1606,0.023977
1607,0.000313
1608,0.045181
1609,0.011193
1610,0.025126
1611,0.001465
1612,0.006658
1613,0.044277
1614,0.021062
1615,0.028474
1616,0.006229
1617,0.011440
1618,0.006221
1619,0.055415
1620,0.000605
1621,0.032425
1622,0.010000
1623,0.000892
1624,0.028557
1625,0.014438
1626,0.008283
1627,0.041284
1628,0.034500
1629,0.061922
1630,0.132410
1631,0.004000
1632,0.164508
1633,0.012113
1634,0.202279
1635,0.001342
1636,0.016649
1637,0.001133
1638,0.016347
1639,0.649651
1640,0.005295
1641,0.187771
1642,0.000452
1643,0.031121
1644,0.006208
1645,0.000756
1646,0.059929
1647,0.025607
1648,0.077819
1649,0.000741
1650,0.065820
1651,0.001198
1652,0.001979
1653,0.000566
1654,0.000276
1655,0.000814
1656,0.003541
1657,0.028394
1658,0.000876
1659,0.208963
1660,0.001475
1661,0.000247
1662,0.223648
1663,0.115457
1664,0.019595
1665,0.000423
1666,0.001351
1667,0.005631
1668,0.000692
1669,0.186733
1670,0.016974
1671,0.007482
1672,0.004735
1673,0.065222
1674,0.004634
1675,0.001901
1676,0.000815
1677,0.000675
1678,0.002802
1679,0.000400
1680,0.000747
1681,0.007245
1682,0.002619
1683,0.012744
1684,0.020239
1685,0.002400
1686,0.063011
1687,0.019809
1688,0.000276
1689,0.006086
1690,0.203370
1691,0.001211
1692,0.151369
1693,0.042291
1694,0.014256
1695,0.254998
1696,0.026706
1697,0.003025
1698,0.000327
1699,0.008296
1700,0.022231
1701,0.040868
1702,0.003027
1703,0.000302
1704,0.000990
1705,0.014049
1706,0.043228
1707,0.002057
1708,0.023553
1709,0.017789
1710,0.046861
1711,0.002428
1712,0.092062
1713,0.054225
1714,0.000563
1715,0.004828
1716,0.000415
1717,0.176312
1718,0.065367
1719,0.169889
1720,0.013633
1721,0.034868
1722,0.000825
1723,0.198285
1724,0.025756
1725,0.174030
1726,0.006320
1727,0.061760
1728,0.008695
1729,0.023807
1730,0.090428
1731,0.232376
1732,0.001917
1733,0.004184
1734,0.002221
1735,0.000465
1736,0.026726
1737,0.376939
1738,0.099899
1739,0.024734
1740,0.000762
1741,0.023427
1742,0.002697
1743,0.000952
1744,0.018482
1745,0.000308
1746,0.003498
1747,0.003701
1748,0.000662
1749,0.014482
1750,0.123598
1751,0.028690
1752,0.005878
1753,0.008763
1754,0.003336
1755,0.003963
1756,0.011109
1757,0.008963
1758,0.072160
1759,0.069383
1760,0.127755
1761,0.009731
1762,0.004313
1763,0.006926
1764,0.002566
1765,0.011305
1766,0.001974
1767,0.003356
1768,0.005019
1769,0.060983
1770,0.011105
1771,0.013263
1772,0.000455
1773,0.049292
1774,0.023024
1775,0.054536
1776,0.000392
1777,0.029984
1778,0.000478
1779,0.001995
1780,0.000427
1781,0.172674
1782,0.012486
1783,0.056652
1784,0.000341
1785,0.003377
1786,0.000361
1787,0.003004
1788,0.017729
1789,0.011873
1790,0.191104
1791,0.044143
1792,0.036815
1793,0.001085
1794,0.001903
1795,0.299216
1796,0.004840
1797,0.000508
1798,0.035778
1799,0.005453
1800,0.007421
1801,0.011474
1802,0.003720
1803,0.000938
1804,0.045626
1805,0.042494
1806,0.013931
1807,0.012404
1808,0.010021
1809,0.071917
1810,0.230134
1811,0.002150
1812,0.000830
1813,0.007241
1814,0.013800
1815,0.006360
1816,0.074977
1817,0.263856
1818,0.032953
1819,0.050970
1820,0.000432
1821,0.014352
1822,0.063392
1823,0.001271
1824,0.002219
1825,0.016948
1826,0.010428
1827,0.127982
1828,0.131492
1829,0.000379
1830,0.001186
1831,0.228600
1832,0.067303
1833,0.002314
1834,0.375560
1835,0.047356
1836,0.000376
1837,0.033717
1838,0.032235
1839,0.319350
1840,0.042566
1841,0.235741
1842,0.029128
1843,0.021643
1844,0.006561
1845,0.005099
1846,0.020327
1847,0.012180
1848,0.142582
1849,0.012147
1850,0.000998
1851,0.001236
1852,0.004674
1853,0.018918
1854,0.260448
1855,0.004437
1856,0.008057
1857,0.000288
1858,0.045821
1859,0.005574
1860,0.063662
1861,0.017046
1862,0.000663
1863,0.057509
1864,0.511138
1865,0.001035
1866,0.011987
1867,0.056118
1868,0.000767
1869,0.011371
1870,0.017617
1871,0.000815
1872,0.014555
1873,0.000734
1874,0.002373
1875,0.002788
1876,0.003042
1877,0.002902
1878,0.000397
1879,0.009313
1880,0.016395
1881,0.055141
1882,0.000881
1883,0.079370
1884,0.000355
1885,0.005517
1886,0.038520
1887,0.000271
1888,0.005369
1889,0.063421
1890,0.026317
1891,0.014695
1892,0.012644
1893,0.001925
1894,0.042914
1895,0.007582
1896,0.007221
1897,0.001082
1898,0.002211
1899,0.106163
1900,0.030343
1901,0.001220
1902,0.028375
1903,0.563918
1904,0.001119
1905,0.000971
1906,0.029859
1907,0.077566
1908,0.000330
1909,0.030683
1910,0.007298
1911,0.002834
1912,0.000234
1913,0.001542
1914,0.012438
1915,0.033855
1916,0.043682
1917,0.007420
1918,0.010625
1919,0.142852
1920,0.006320
1921,0.033124
1922,0.000458
1923,0.002374
1924,0.019380
1925,0.000888
1926,0.050779
1927,0.003545
1928,0.053683
1929,0.015766
1930,0.003114
1931,0.003419
1932,0.002226
1933,0.001272
1934,0.002255
1935,0.016791
1936,0.002355
1937,0.019420
1938,0.057291
1939,0.006294
1940,0.001546
1941,0.076108
1942,0.004838
1943,0.047719
1944,0.002254
1945,0.000245
1946,0.045132
1947,0.003099
1948,0.141816
1949,0.008555
1950,0.001251
1951,0.048410
1952,0.043204
1953,0.041560
1954,0.003864
1955,0.005560
1956,0.018648
1957,0.001768
1958,0.011993
1959,0.001852
1960,0.061855
1961,0.003159
1962,0.000666
1963,0.017803
1964,0.010586
1965,0.000965
1966,0.003128
1967,0.013688
1968,0.012364
1969,0.124330
1970,0.007921
1971,0.021614
1972,0.024859
1973,0.002079
1974,0.000453
1975,0.004030
1976,0.009121
1977,0.004135
1978,0.002322
1979,0.010458
1980,0.034038
1981,0.021026
1982,0.025981
1983,0.042583
1984,0.436463
1985,0.023787
1986,0.049771
1987,0.001256
1988,0.020330
1989,0.002027
1990,0.041729
1991,0.031552
1992,0.018862
1993,0.001455
1994,0.072914
1995,0.024931
1996,0.005384
1997,0.131497
1998,0.010552
1999,0.013414
2000,0.001464
2001,0.104787
2002,0.006599
2003,0.031956
2004,0.000284
2005,0.008427
2006,0.004879
2007,0.009183
2008,0.028642
2009,0.006528
2010,0.045282
2011,0.024610
2012,0.009329
2013,0.044826
2014,0.004325
2015,0.001617
2016,0.001254
2017,0.009408
2018,0.054183
2019,0.078025
2020,0.144755
2021,0.169823
2022,0.007119
2023,0.001045
2024,0.002191
2025,0.001537
2026,0.204296
2027,0.000278
2028,0.038891
2029,0.001709
2030,0.005025
2031,0.006192
2032,0.008463
2033,0.051485
2034,0.251941
2035,0.000723
2036,0.063380
2037,0.011632
2038,0.023139
2039,0.005842
2040,0.014799
2041,0.001230
2042,0.000712
2043,0.000538
2044,0.003261
2045,0.015313
2046,0.003516
2047,0.001463
2048,0.020317
2049,0.000944
2050,0.001122
2051,0.001123
2052,0.000270
2053,0.000306
2054,0.005934
2055,0.030635
2056,0.028359
2057,0.124627
2058,0.006367
2059,0.048706
2060,0.002311
2061,0.281304
2062,0.000646
2063,0.159689
2064,0.000953
2065,0.001314
2066,0.066558
2067,0.000775
2068,0.037666
2069,0.000486
2070,0.000303
2071,0.001661
2072,0.003964
2073,0.048453
2074,0.005905
2075,0.007027
2076,0.010080
2077,0.018567
2078,0.218744
2079,0.015478
2080,0.000362
2081,0.009086
2082,0.003451
2083,0.001692
2084,0.001603
2085,0.011625
2086,0.027505
2087,0.002554
2088,0.171498
2089,0.001757
2090,0.063679
2091,0.081295
2092,0.000417
2093,0.009880
2094,0.005382
2095,0.001520
2096,0.000416
2097,0.033518
2098,0.018551
2099,0.003186
2100,0.003615
2101,0.025729
2102,0.009551
2103,0.023148
2104,0.068796
2105,0.004657
2106,0.003399
2107,0.039714
2108,0.043167
2109,0.293540
2110,0.070731
2111,0.024177
2112,0.164078
2113,0.004891
2114,0.014112
2115,0.003045
2116,0.005765
2117,0.264794
2118,0.037229
2119,0.039409
2120,0.028254
2121,0.178305
2122,0.173718
2123,0.316110
2124,0.274957
2125,0.001713
2126,0.001099
2127,0.114492
2128,0.135233
2129,0.015095
2130,0.246109
2131,0.024014
2132,0.145367
2133,0.005878
2134,0.003771
2135,0.254890
2136,0.000386
2137,0.004091
2138,0.009705
2139,0.106333
2140,0.017353
2141,0.034891
2142,0.011977
2143,0.019344
2144,0.001216
2145,0.001614
2146,0.000310
2147,0.299785
2148,0.013532
2149,0.003866
2150,0.010904
2151,0.048244
2152,0.030639
2153,0.009833
2154,0.088078
2155,0.008732
2156,0.002297
2157,0.002089
2158,0.037959
2159,0.033360
2160,0.016082
2161,0.195295
2162,0.008824
2163,0.036871
2164,0.062631
2165,0.009739
2166,0.000469
2167,0.003132
2168,0.079377
2169,0.011905
2170,0.022200
2171,0.010551
2172,0.029835
2173,0.015385
2174,0.023259
2175,0.035580
2176,0.002929
2177,0.014707
2178,0.038768
2179,0.051672
2180,0.024833
2181,0.046076
2182,0.189964
2183,0.002188
2184,0.017839
2185,0.002992
2186,0.014084
2187,0.338980
2188,0.035327
2189,0.034153
2190,0.056110
2191,0.015851
2192,0.001669
2193,0.021737
2194,0.080936
2195,0.003694
2196,0.019301
2197,0.045783
2198,0.000622
2199,0.000836
2200,0.049194
2201,0.036018
2202,0.417097
2203,0.194674
2204,0.023694
2205,0.060372
2206,0.060029
2207,0.017916
2208,0.000812
2209,0.000389
2210,0.087169
2211,0.057446
2212,0.000478
2213,0.378731
2214,0.052088
2215,0.014858
2216,0.186736
2217,0.147007
2218,0.004325
2219,0.028539
2220,0.070073
2221,0.013477
2222,0.006761
2223,0.019773
2224,0.000811
2225,0.180893
2226,0.003791
2227,0.048046
2228,0.013021
2229,0.037813
2230,0.002669
2231,0.000360
2232,0.001249
2233,0.000602
2234,0.002618
2235,0.000943
2236,0.012538
2237,0.017218
2238,0.058445
2239,0.002765
2240,0.035772
2241,0.014881
2242,0.149497
2243,0.006958
2244,0.025461
2245,0.000902
2246,0.023579
2247,0.058726
2248,0.019762
2249,0.001018
2250,0.044329
2251,0.017533
2252,0.000809
2253,0.005164
2254,0.002485
2255,0.004172
2256,0.001074
2257,0.332728
2258,0.011087
2259,0.005248
2260,0.002263
2261,0.006510
2262,0.070948
2263,0.002802
2264,0.070981
2265,0.000762
2266,0.007566
2267,0.013381
2268,0.006443
2269,0.201493
2270,0.011166
2271,0.000374
2272,0.021378
2273,0.013205
2274,0.000711
2275,0.000550
2276,0.000764
2277,0.009374
2278,0.016580
2279,0.003284
2280,0.000602
2281,0.038035
2282,0.003357
2283,0.001393
2284,0.136326
2285,0.002525
2286,0.001448
2287,0.032281
2288,0.001766
2289,0.007430
2290,0.000209
2291,0.351640
2292,0.000717
2293,0.002733
2294,0.001511
2295,0.007052
2296,0.000278
2297,0.396287
2298,0.000844
2299,0.003182
2300,0.001809
2301,0.013356
2302,0.053924
2303,0.050307
2304,0.019374
2305,0.004827
2306,0.269013
2307,0.001311
2308,0.042402
2309,0.001368
2310,0.001683
2311,0.010176
2312,0.070717
2313,0.016552
2314,0.056732
2315,0.001531
2316,0.033147
2317,0.029168
2318,0.026262
2319,0.003505
2320,0.000328
2321,0.001599
2322,0.021797
2323,0.038978
2324,0.176315
2325,0.002859
2326,0.005695
2327,0.001674
2328,0.002224
2329,0.012010
2330,0.172731
2331,0.005007
2332,0.007492
2333,0.017181
2334,0.009270
2335,0.021125
2336,0.000371
2337,0.010917
2338,0.022567
2339,0.219160
2340,0.014328
2341,0.000529
2342,0.006954
2343,0.146571
2344,0.012269
2345,0.001499
2346,0.074360
2347,0.016890
2348,0.008464
2349,0.000337
2350,0.001444
2351,0.004369
2352,0.007064
2353,0.082869
2354,0.020790
2355,0.005073
2356,0.045364
2357,0.003920
2358,0.051317
2359,0.009258
2360,0.001014
2361,0.155163
2362,0.000736
2363,0.120976
2364,0.003812
2365,0.113974
2366,0.138301
2367,0.002670
2368,0.200215
2369,0.000903
2370,0.017462
2371,0.000522
2372,0.000810
2373,0.000375
2374,0.004249
2375,0.260928
2376,0.057003
2377,0.003021
2378,0.047863
2379,0.006584
2380,0.000650
2381,0.027907
2382,0.169160
2383,0.002243
2384,0.000317
2385,0.001123
2386,0.005266
2387,0.003111
2388,0.006033
2389,0.028020
2390,0.000222
2391,0.044413
2392,0.000381
2393,0.022999
2394,0.005621
2395,0.047255
2396,0.001127
2397,0.010513
2398,0.029616
2399,0.000575
2400,0.003411
2401,0.005160
2402,0.367493
2403,0.059941
2404,0.001527
2405,0.226092
2406,0.220060
2407,0.161056
2408,0.000323
2409,0.001439
2410,0.217196
2411,0.002504
2412,0.004713
2413,0.030286
2414,0.003995
2415,0.016556
2416,0.000386
2417,0.072040
2418,0.012654
2419,0.005535
2420,0.013970
2421,0.000314
2422,0.085593
2423,0.262092
2424,0.065224
2425,0.104619
2426,0.210732
2427,0.035470
2428,0.012259
2429,0.077203
2430,0.053379
2431,0.003631
2432,0.020687
2433,0.365319
2434,0.093057
2435,0.042521
2436,0.004311
2437,0.146065
2438,0.000872
2439,0.016192
2440,0.053094
2441,0.011532
2442,0.012902
2443,0.001060
2444,0.112414
2445,0.011552
2446,0.048901
2447,0.064622
2448,0.001074
2449,0.000959
2450,0.010738
2451,0.046528
2452,0.048290
2453,0.001144
2454,0.013435
2455,0.003188
2456,0.000292
2457,0.056324
2458,0.000461
2459,0.081864
2460,0.001210
2461,0.125116
2462,0.032579
2463,0.004070
2464,0.001799
2465,0.009054
2466,0.014007
2467,0.000979
2468,0.045759
2469,0.032869
2470,0.036881
2471,0.001100
2472,0.032428
2473,0.018701
2474,0.001073
2475,0.213444
2476,0.022752
2477,0.024550
2478,0.010555
2479,0.043811
2480,0.155850
2481,0.005225
2482,0.000743
2483,0.064123
2484,0.002687
2485,0.019458
2486,0.012042
2487,0.153643
2488,0.007752
2489,0.109746
2490,0.011331
2491,0.247807
2492,0.015004
2493,0.002440
2494,0.016466
2495,0.024825
2496,0.389644
2497,0.000674
2498,0.098373
2499,0.002814
2500,0.002128
2501,0.012578
2502,0.010495
2503,0.041857
2504,0.001044
2505,0.000302
2506,0.002767
2507,0.000848
2508,0.000741
2509,0.001569
2510,0.009399
2511,0.004210
2512,0.000240
2513,0.027887
2514,0.170198
2515,0.015397
2516,0.003527
2517,0.272924
2518,0.007431
2519,0.008148
2520,0.001289
2521,0.034195
2522,0.000771
2523,0.128062
2524,0.002671
2525,0.004957
2526,0.001236
2527,0.001660
2528,0.214642
2529,0.012188
2530,0.012764
2531,0.009635
2532,0.056997
2533,0.668261
2534,0.011455
2535,0.000792
2536,0.006046
2537,0.000727
2538,0.029040
2539,0.000362
2540,0.004233
2541,0.026834
2542,0.000933
2543,0.045195
2544,0.007169
2545,0.000385
2546,0.143487
2547,0.001815
2548,0.207950
2549,0.005552
2550,0.007149
2551,0.000575
2552,0.000287
2553,0.002193
2554,0.280975
2555,0.032756
2556,0.162802
2557,0.015657
2558,0.001381
2559,0.050516
2560,0.257260
2561,0.258516
2562,0.031981
2563,0.060982
2564,0.008677
2565,0.019766
2566,0.040593
2567,0.001210
2568,0.041474
2569,0.006366
2570,0.001737
2571,0.323088
2572,0.002198
2573,0.006521
2574,0.000327
2575,0.008925
2576,0.001854
2577,0.074765
2578,0.003509
2579,0.012681
2580,0.185538
2581,0.000404
2582,0.001466
2583,0.040139
2584,0.014107
2585,0.013892
2586,0.009764
2587,0.029617
2588,0.020280
2589,0.186919
2590,0.001649
2591,0.000288
2592,0.004340
2593,0.000331
2594,0.001883
2595,0.031986
2596,0.028629
2597,0.021933
2598,0.001308
2599,0.027347
2600,0.001069
2601,0.000865
2602,0.011614
2603,0.001160
2604,0.003350
2605,0.003817
2606,0.003586
2607,0.000281
2608,0.001479
2609,0.032361
2610,0.010020
2611,0.131321
2612,0.001269
2613,0.002919
2614,0.054487
2615,0.038769
2616,0.000643
2617,0.002792
2618,0.009304
2619,0.053305
2620,0.005471
2621,0.036715
2622,0.000753
2623,0.008375
2624,0.003826
2625,0.043287
2626,0.001889
2627,0.000274
2628,0.024959
2629,0.034315
2630,0.000538
2631,0.030503
2632,0.012492
2633,0.222501
2634,0.030684
2635,0.002934
2636,0.007056
2637,0.000376
2638,0.001184
2639,0.133134
2640,0.003259
2641,0.238742
2642,0.383617
2643,0.002751
2644,0.025851
2645,0.086534
2646,0.012349
2647,0.017296
2648,0.009152
2649,0.022533
2650,0.202798
2651,0.002679
2652,0.001280
2653,0.000427
2654,0.010521
2655,0.003118
2656,0.002657
2657,0.004230
2658,0.128492
2659,0.028295
2660,0.001032
2661,0.011189
2662,0.001898
2663,0.004642
2664,0.025935
2665,0.065390
2666,0.026759
2667,0.193154
2668,0.001277
2669,0.029018
2670,0.001726
2671,0.237066
2672,0.051979
2673,0.023969
2674,0.422448
2675,0.003925
2676,0.035634
2677,0.020516
2678,0.013149
2679,0.000664
2680,0.013557
2681,0.001053
2682,0.016825
2683,0.000922
2684,0.011478
2685,0.003037
2686,0.033146
2687,0.001554
2688,0.031099
2689,0.000465
2690,0.020335
2691,0.078655
2692,0.005744
2693,0.018571
2694,0.001294
2695,0.175351
2696,0.021012
2697,0.007315
2698,0.000522
2699,0.000506
2700,0.005212
2701,0.000821
2702,0.068936
2703,0.009845
2704,0.006421
2705,0.025760
2706,0.018434
2707,0.003157
2708,0.010053
2709,0.212111
2710,0.002969
2711,0.017407
2712,0.000544
2713,0.001855
2714,0.002591
2715,0.000306
2716,0.027706
2717,0.062877
2718,0.001269
2719,0.002511
2720,0.000250
2721,0.001848
2722,0.025773
2723,0.010534
2724,0.004976
2725,0.105443
2726,0.000617
2727,0.175328
2728,0.045608
2729,0.015769
2730,0.004319
2731,0.000295
2732,0.289754
2733,0.252412
2734,0.245941
2735,0.001001
2736,0.000467
2737,0.017452
2738,0.000438
2739,0.034910
2740,0.033818
2741,0.155945
2742,0.000351
2743,0.098548
2744,0.220057
2745,0.001935
2746,0.012405
2747,0.005345
2748,0.117433
2749,0.069316
2750,0.002375
2751,0.027436
2752,0.007073
2753,0.049396
2754,0.513351
2755,0.008979
2756,0.001324
2757,0.146748
2758,0.001954
2759,0.002970
2760,0.000685
2761,0.037212
2762,0.002822
2763,0.083163
2764,0.002903
2765,0.199258
2766,0.384884
2767,0.212588
2768,0.004743
2769,0.016149
2770,0.025480
2771,0.002339
2772,0.004096
2773,0.001033
2774,0.009302
2775,0.001471
2776,0.002870
2777,0.001740
2778,0.143779
2779,0.003754
2780,0.003193
2781,0.006537
2782,0.002229
2783,0.147086
2784,0.037572
2785,0.005355
2786,0.031948
2787,0.001900
2788,0.008022
2789,0.071305
2790,0.002583
2791,0.001344
2792,0.035554
2793,0.000284
2794,0.003189
2795,0.006062
2796,0.001268
2797,0.000357
2798,0.115410
2799,0.005052
2800,0.002333
2801,0.000810
2802,0.002173
2803,0.001700
2804,0.010687
2805,0.011486
2806,0.010318
2807,0.000996
2808,0.266014
2809,0.021805
2810,0.003824
2811,0.134662
2812,0.001097
2813,0.047401
2814,0.047687
2815,0.010136
2816,0.003143
2817,0.000890
2818,0.002466
2819,0.095374
2820,0.011505
2821,0.062771
2822,0.000336
2823,0.001093
2824,0.022669
2825,0.001662
2826,0.033210
2827,0.003101
2828,0.002200
2829,0.096283
2830,0.002265
2831,0.001499
2832,0.006727
2833,0.031285
2834,0.005165
2835,0.001887
2836,0.063245
2837,0.047395
2838,0.004513
2839,0.007274
2840,0.390973
2841,0.024685
2842,0.016897
2843,0.007956
2844,0.020817
2845,0.017920
2846,0.003922
2847,0.001316
2848,0.000869
2849,0.000322
2850,0.037753
2851,0.065896
2852,0.000223
2853,0.000498
2854,0.001293
2855,0.013069
2856,0.172039
2857,0.002179
2858,0.004123
2859,0.075599
2860,0.018972
2861,0.015344
2862,0.000354
2863,0.000239
2864,0.000369
2865,0.011545
2866,0.111320
2867,0.006341
2868,0.067864
2869,0.004525
2870,0.294662
2871,0.009137
2872,0.037191
2873,0.002052
2874,0.054072
2875,0.731270
2876,0.010755
2877,0.186492
2878,0.001043
2879,0.032703
2880,0.016364
2881,0.202817
2882,0.108550
2883,0.005915
2884,0.164827
2885,0.009563
2886,0.006552
2887,0.221399
2888,0.094069
2889,0.000831
2890,0.020600
2891,0.002082
2892,0.001256
2893,0.022331
2894,0.004736
2895,0.001661
2896,0.002765
2897,0.525181
2898,0.001165
2899,0.002715
2900,0.000542
2901,0.004940
2902,0.376803
2903,0.133972
2904,0.003050
2905,0.035558
2906,0.001175
2907,0.012522
2908,0.030208
2909,0.000842
2910,0.006474
2911,0.000318
2912,0.000425
2913,0.028920
2914,0.001593
2915,0.109173
2916,0.000550
2917,0.554235
2918,0.011453
2919,0.015760
2920,0.000266
2921,0.021864
2922,0.006794
2923,0.002953
2924,0.000505
2925,0.010764
2926,0.000794
2927,0.000362
2928,0.206026
2929,0.006746
2930,0.022324
2931,0.006806
2932,0.001168
2933,0.223240
2934,0.000272
2935,0.003761
2936,0.009687
2937,0.022104
2938,0.001447
2939,0.017252
2940,0.002971
2941,0.021528
2942,0.000310
2943,0.004855
2944,0.108681
2945,0.004005
2946,0.264564
2947,0.029386
2948,0.004788
2949,0.007546
2950,0.035669
2951,0.049895
2952,0.025109
2953,0.038537
2954,0.001560
2955,0.001665
2956,0.006276
2957,0.205779
2958,0.042795
2959,0.001227
2960,0.015807
2961,0.000314
2962,0.031462
2963,0.017858
2964,0.001738
2965,0.019719
2966,0.005479
2967,0.000869
2968,0.023540
2969,0.013654
2970,0.139125
2971,0.030885
2972,0.000430
2973,0.035011
2974,0.001990
2975,0.003709
2976,0.013725
2977,0.002610
2978,0.133800
2979,0.020931
2980,0.001824
2981,0.001932
2982,0.014743
2983,0.008617
2984,0.037662
2985,0.008652
2986,0.001290
2987,0.105041
2988,0.024305
2989,0.001048
2990,0.061816
2991,0.020104
2992,0.013523
2993,0.022448
2994,0.055266
2995,0.027460
2996,0.000583
2997,0.020734
2998,0.000850
2999,0.000287
3000,0.001076
3001,0.001241
3002,0.039527
3003,0.004737
3004,0.000288
3005,0.107530
3006,0.004262
3007,0.001902
3008,0.004749
3009,0.007705
3010,0.303004
3011,0.007739
3012,0.001540
3013,0.007762
3014,0.066953
3015,0.000942
3016,0.003695
3017,0.001214
3018,0.367237
3019,0.007337
3020,0.041909
3021,0.001744
3022,0.000363
3023,0.047820
3024,0.000780
3025,0.005553
3026,0.002090
3027,0.014553
3028,0.004610
3029,0.044562
3030,0.013478
3031,0.044851
3032,0.001557
3033,0.004135
3034,0.077654
3035,0.000971
3036,0.546479
3037,0.001115
3038,0.000322
3039,0.416199
3040,0.000951
3041,0.020068
3042,0.006602
3043,0.005658
3044,0.004780
3045,0.007725
3046,0.000564
3047,0.042398
3048,0.005880
3049,0.042356
3050,0.009001
3051,0.000470
3052,0.000603
3053,0.005530
3054,0.000386
3055,0.000319
3056,0.087872
3057,0.001123
3058,0.009769
3059,0.000181
3060,0.049872
3061,0.040694
