id,TARGET
1,0.101809
2,0.041327
3,0.349051
4,0.052724
5,0.326677
6,0.811686
7,0.023165
8,0.341838
9,0.174025
10,0.016093
11,0.66316
12,0.873949
13,0.030148
14,0.360924
15,0.137451
16,0.484873
17,0.784746
18,0.073385
19,0.015717
20,0.760313
21,0.866152
22,0.077918
23,0.051066
24,0.784691
25,0.348975
26,0.018134
27,0.822365
28,0.540436
29,0.012353
30,0.227608
31,0.011528
32,0.036705
33,0.123211
34,0.536007
35,0.272308
36,0.086794
37,0.078866
38,0.01574
39,0.031881
40,0.034714
41,0.904215
42,0.228764
43,0.078645
44,0.315586
45,0.011031
46,0.963734
47,0.02971
48,0.265102
49,0.024716
50,0.626083
51,0.396483
52,0.787765
53,0.705842
54,0.006947
55,0.842684
56,0.259335
57,0.418455
58,0.483881
59,0.038924
60,0.300779
61,0.009692
62,0.01528
63,0.801069
64,0.341146
65,0.542459
66,0.262241
67,0.604441
68,0.279654
69,0.276865
70,0.064071
71,0.01758
72,0.358239
73,0.06684
74,0.249689
75,0.009894
76,0.865427
77,0.339532
78,0.92277
79,0.200935
80,0.016613
81,0.869154
82,0.110768
83,0.392335
84,0.009126
85,0.056342
86,0.018576
87,0.019013
88,0.040426
89,0.019307
90,0.009775
91,0.34151
92,0.010936
93,0.039525
94,0.048911
95,0.913966
96,0.33562
97,0.006341
98,0.706297
99,0.036129
100,0.271956
101,0.163459
102,0.356616
103,0.070411
104,0.509053
105,0.128426
106,0.068914
107,0.231029
108,0.026696
109,0.787092
110,0.01316
111,0.009484
112,0.472307
113,0.639179
114,0.173223
115,0.012745
116,0.015096
117,0.075902
118,0.113211
119,0.007926
120,0.063613
121,0.837734
122,0.413339
123,0.925962
124,0.007958
125,0.540486
126,0.29635
127,0.132618
128,0.552392
129,0.008613
130,0.00713
131,0.181134
132,0.007324
133,0.015899
134,0.01466
135,0.017143
136,0.104918
137,0.087018
138,0.207292
139,0.845359
140,0.14712
141,0.333146
142,0.479993
143,0.288226
144,0.230579
145,0.011399
146,0.249564
147,0.101575
148,0.017803
149,0.098113
150,0.77797
151,0.471425
152,0.061952
153,0.917696
154,0.188361
155,0.192838
156,0.009084
157,0.636909
158,0.126395
159,0.059857
160,0.277674
161,0.941586
162,0.030392
163,0.914323
164,0.018239
165,0.021986
166,0.007459
167,0.135528
168,0.040727
169,0.135032
170,0.060414
171,0.851035
172,0.690771
173,0.037667
174,0.01578
175,0.249208
176,0.800443
177,0.272754
178,0.085414
179,0.152192
180,0.040209
181,0.00792
182,0.019842
183,0.302918
184,0.061232
185,0.038729
186,0.028898
187,0.410636
188,0.141215
189,0.096687
190,0.940009
191,0.018184
192,0.020176
193,0.080481
194,0.083244
195,0.008545
196,0.032388
197,0.842855
198,0.110877
199,0.075658
200,0.172156
201,0.007958
202,0.288384
203,0.023631
204,0.476718
205,0.271155
206,0.518501
207,0.076368
208,0.264259
209,0.866777
210,0.063727
211,0.386197
212,0.065634
213,0.237887
214,0.025886
215,0.715295
216,0.030829
217,0.034868
218,0.051459
219,0.457993
220,0.062756
221,0.157008
222,0.38075
223,0.327272
224,0.059851
225,0.013109
226,0.439976
227,0.138547
228,0.054267
229,0.841418
230,0.636007
231,0.210673
232,0.825235
233,0.476212
234,0.066501
235,0.023142
236,0.076589
237,0.908433
238,0.822774
239,0.113323
240,0.790249
241,0.365792
242,0.006863
243,0.038867
244,0.039173
245,0.03464
246,0.594854
247,0.066125
248,0.024112
249,0.052619
250,0.089713
251,0.35247
252,0.883476
253,0.37937
254,0.007869
255,0.291547
256,0.425265
257,0.019073
258,0.114929
259,0.007655
260,0.064598
261,0.068548
262,0.562907
263,0.521283
264,0.966351
265,0.18438
266,0.022733
267,0.48955
268,0.843093
269,0.173982
270,0.513013
271,0.147041
272,0.497764
273,0.138049
274,0.382072
275,0.513201
276,0.281077
277,0.022405
278,0.016447
279,0.016114
280,0.046127
281,0.34744
282,0.122699
283,0.018463
284,0.812294
285,0.03455
286,0.01057
287,0.937761
288,0.007414
289,0.017499
290,0.032544
291,0.092329
292,0.328717
293,0.026772
294,0.093466
295,0.089369
296,0.490594
297,0.356211
298,0.009803
299,0.321035
300,0.017155
301,0.087767
302,0.533151
303,0.016886
304,0.356063
305,0.106271
306,0.01916
307,0.006494
308,0.242481
309,0.454154
310,0.468254
311,0.011353
312,0.010913
313,0.100259
314,0.016339
315,0.036794
316,0.872225
317,0.131013
318,0.014275
319,0.606142
320,0.028686
321,0.858397
322,0.331767
323,0.127572
324,0.844662
325,0.25326
326,0.036703
327,0.027534
328,0.192063
329,0.326963
330,0.026356
331,0.156936
332,0.047707
333,0.101304
334,0.049459
335,0.303572
336,0.029338
337,0.611079
338,0.095053
339,0.008387
340,0.493331
341,0.030166
342,0.047362
343,0.585104
344,0.836416
345,0.785415
346,0.02243
347,0.079819
348,0.128334
349,0.136986
350,0.586303
351,0.371534
352,0.579285
353,0.181804
354,0.246385
355,0.036991
356,0.054001
357,0.659225
358,0.016675
359,0.081052
360,0.168641
361,0.160833
362,0.413515
363,0.539186
364,0.040171
365,0.123466
366,0.02982
367,0.368418
368,0.91247
369,0.954515
370,0.84192
371,0.274807
372,0.368078
373,0.023966
374,0.923767
375,0.514149
376,0.477053
377,0.107227
378,0.423084
379,0.88578
380,0.008514
381,0.021109
382,0.042268
383,0.210234
384,0.010945
385,0.00712
386,0.011261
387,0.242206
388,0.015773
389,0.483875
390,0.11961
391,0.008537
392,0.638163
393,0.136734
394,0.047122
395,0.38529
396,0.134172
397,0.016706
398,0.019615
399,0.145037
400,0.043076
401,0.034445
402,0.158484
403,0.222111
404,0.026325
405,0.013656
406,0.016022
407,0.63161
408,0.22779
409,0.474828
410,0.023185
411,0.851067
412,0.845902
413,0.016623
414,0.009039
415,0.131355
416,0.025548
417,0.030621
418,0.941763
419,0.253187
420,0.41535
421,0.022643
422,0.687041
423,0.085654
424,0.089467
425,0.086958
426,0.125452
427,0.02871
428,0.08804
429,0.741731
430,0.026541
431,0.336897
432,0.422402
433,0.879738
434,0.898925
435,0.019379
436,0.302822
437,0.151712
438,0.012948
439,0.332502
440,0.013989
441,0.399065
442,0.373859
443,0.038429
444,0.127854
445,0.067335
446,0.006885
447,0.014613
448,0.349406
449,0.362485
450,0.007692
451,0.67507
452,0.2176
453,0.235377
454,0.31064
455,0.221996
456,0.149218
457,0.469535
458,0.027076
459,0.296265
460,0.718916
461,0.11505
462,0.606447
463,0.803187
464,0.0257
465,0.037137
466,0.084063
467,0.058769
468,0.194756
469,0.243941
470,0.501558
471,0.798739
472,0.333843
473,0.457942
474,0.805618
475,0.007792
476,0.129136
477,0.374308
478,0.210416
479,0.068884
480,0.810081
481,0.090336
482,0.465303
483,0.040792
484,0.024509
485,0.273032
486,0.234945
487,0.373019
488,0.009404
489,0.822854
490,0.54069
491,0.360562
492,0.098856
493,0.551745
494,0.057719
495,0.007613
496,0.960377
497,0.811535
498,0.398376
499,0.505353
500,0.012465
501,0.037141
502,0.339943
503,0.008512
504,0.32226
505,0.007837
506,0.015413
507,0.014422
508,0.155518
509,0.102608
510,0.734829
511,0.06991
512,0.507097
513,0.018178
514,0.135775
515,0.448614
516,0.310852
517,0.007737
518,0.954009
519,0.14543
520,0.475377
521,0.216328
522,0.168245
523,0.026025
524,0.075891
525,0.013851
526,0.116982
527,0.89112
528,0.7969
529,0.444392
530,0.035614
531,0.090499
532,0.086715
533,0.386797
534,0.014584
535,0.020131
536,0.021658
537,0.030953
538,0.064216
539,0.091231
540,0.80937
541,0.918771
542,0.096339
543,0.038962
544,0.605887
545,0.013902
546,0.155989
547,0.134083
548,0.116017
549,0.044042
550,0.074069
551,0.252271
552,0.08415
553,0.314199
554,0.017133
555,0.103864
556,0.016679
557,0.01422
558,0.20427
559,0.587446
560,0.011058
561,0.235401
562,0.008014
563,0.17146
564,0.108177
565,0.017614
566,0.341011
567,0.045943
568,0.012316
569,0.200247
570,0.118059
571,0.020379
572,0.05017
573,0.011031
574,0.093356
575,0.84732
576,0.802772
577,0.00853
578,0.261364
579,0.394856
580,0.411953
581,0.794585
582,0.398832
583,0.019361
584,0.014865
585,0.227462
586,0.055846
587,0.05011
588,0.037107
589,0.007346
590,0.045346
591,0.479654
592,0.242033
593,0.006819
594,0.747542
595,0.009641
596,0.018247
597,0.191246
598,0.290478
599,0.01661
600,0.577848
601,0.262304
602,0.088736
603,0.092504
604,0.167828
605,0.187534
606,0.200377
607,0.730404
608,0.066233
609,0.296296
610,0.006823
611,0.126
612,0.378369
613,0.01591
614,0.385188
615,0.245403
616,0.064081
617,0.104525
618,0.105942
619,0.108865
620,0.270044
621,0.82015
622,0.817099
623,0.010152
624,0.044453
625,0.010067
626,0.956925
627,0.953241
628,0.951028
629,0.863331
630,0.025543
631,0.305641
632,0.348898
633,0.722781
634,0.644065
635,0.535997
636,0.233316
637,0.397109
638,0.02824
639,0.16768
640,0.043065
641,0.061855
642,0.167439
643,0.041922
644,0.820068
645,0.041473
646,0.549007
647,0.948128
648,0.429337
649,0.016669
650,0.132068
651,0.211871
652,0.019757
653,0.055958
654,0.023965
655,0.045975
656,0.119058
657,0.019748
658,0.930179
659,0.92147
660,0.888451
661,0.612786
662,0.056162
663,0.231166
664,0.238048
665,0.05948
666,0.279168
667,0.68161
668,0.08373
669,0.205725
670,0.041523
671,0.348383
672,0.611748
673,0.131854
674,0.023124
675,0.611007
676,0.074286
677,0.036541
678,0.305554
679,0.017726
680,0.02793
681,0.792633
682,0.038398
683,0.177858
684,0.78966
685,0.018207
686,0.034393
687,0.169023
688,0.072485
689,0.170315
690,0.009232
691,0.105233
692,0.09668
693,0.125547
694,0.009112
695,0.046375
696,0.02687
697,0.019656
698,0.47942
699,0.057815
700,0.090769
701,0.842118
702,0.274557
703,0.448023
704,0.526216
705,0.044931
706,0.94582
707,0.357664
708,0.014449
709,0.518721
710,0.132665
711,0.375973
712,0.213565
713,0.284085
714,0.343727
715,0.652921
716,0.321919
717,0.128781
718,0.205863
719,0.134594
720,0.014961
721,0.030298
722,0.701893
723,0.357956
724,0.280132
725,0.556176
726,0.036995
727,0.079526
728,0.014527
729,0.148344
730,0.398383
731,0.272479
732,0.407465
733,0.52891
734,0.399568
735,0.040424
736,0.025414
737,0.015112
738,0.363863
739,0.38563
740,0.073939
741,0.048641
742,0.01852
743,0.762514
744,0.048509
745,0.334783
746,0.204813
747,0.436725
748,0.522522
749,0.730526
750,0.118553
751,0.571835
752,0.075773
753,0.021851
754,0.00736
755,0.337356
756,0.007907
757,0.775082
758,0.720529
759,0.026403
760,0.012443
761,0.422248
762,0.485171
763,0.408457
764,0.064611
765,0.009439
766,0.381656
767,0.007292
768,0.087378
769,0.020515
770,0.534175
771,0.49794
772,0.015622
773,0.640947
774,0.234277
775,0.039219
776,0.011022
777,0.071988
778,0.866686
779,0.681227
780,0.831217
781,0.031959
782,0.009784
783,0.022224
784,0.40036
785,0.851829
786,0.878723
787,0.914423
788,0.286699
789,0.2196
790,0.010524
791,0.054654
792,0.223971
793,0.532951
794,0.351958
795,0.479918
796,0.530757
797,0.449842
798,0.195044
799,0.059243
800,0.8708
801,0.027702
802,0.664851
803,0.074294
804,0.048376
805,0.816194
806,0.00905
807,0.022072
808,0.838196
809,0.347432
810,0.390795
811,0.04474
812,0.825662
813,0.168045
814,0.271936
815,0.013318
816,0.247415
817,0.052492
818,0.554312
819,0.01059
820,0.312314
821,0.636851
822,0.545528
823,0.255738
824,0.010935
825,0.378079
826,0.206693
827,0.027438
828,0.879173
829,0.011765
830,0.132416
831,0.283783
832,0.014375
833,0.38121
834,0.945895
835,0.237994
836,0.138604
837,0.037778
838,0.062724
839,0.208744
840,0.192259
841,0.388012
842,0.162253
843,0.153603
844,0.199826
845,0.17928
846,0.071768
847,0.095952
848,0.512504
849,0.021526
850,0.950688
851,0.011055
852,0.811825
853,0.028315
854,0.252161
855,0.018934
856,0.910328
857,0.001699
858,0.860476
859,0.029845
860,0.726608
861,0.808018
862,0.030107
863,0.497833
864,0.019104
865,0.010331
866,0.0647
867,0.017043
868,0.775184
869,0.521561
870,0.535223
871,0.094939
872,0.59137
873,0.125622
874,0.20945
875,0.027521
876,0.531784
877,0.837891
878,0.009229
879,0.019641
880,0.239325
881,0.961557
882,0.485172
883,0.511809
884,0.145408
885,0.733737
886,0.682441
887,0.008142
888,0.568797
889,0.058443
890,0.109755
891,0.059284
892,0.052178
893,0.383521
894,0.474628
895,0.010261
896,0.389851
897,0.189304
898,0.186356
899,0.731897
900,0.007931
901,0.716409
902,0.038314
903,0.050866
904,0.821173
905,0.058258
906,0.01442
907,0.124882
908,0.062812
909,0.011337
910,0.242521
911,0.054601
912,0.623141
913,0.289041
914,0.546545
915,0.770597
916,0.229911
917,0.202363
918,0.019567
919,0.028823
920,0.017795
921,0.03156
922,0.936077
923,0.860592
924,0.013942
925,0.018237
926,0.009228
927,0.01066
928,0.352143
929,0.069466
930,0.031295
931,0.365516
932,0.051689
933,0.193994
934,0.049109
935,0.534027
936,0.011972
937,0.020243
938,0.012653
939,0.158332
940,0.022865
941,0.116482
942,0.18092
943,0.81365
944,0.056867
945,0.246635
946,0.081042
947,0.360182
948,0.357194
949,0.135098
950,0.210195
951,0.426843
952,0.008648
953,0.629725
954,0.117106
955,0.334673
956,0.014751
957,0.016748
958,0.015098
959,0.022566
960,0.022095
961,0.745799
962,0.668107
963,0.181876
964,0.039491
965,0.596124
966,0.266997
967,0.343364
968,0.325751
969,0.175311
970,0.138063
971,0.26855
972,0.366892
973,0.224841
974,0.434626
975,0.227303
976,0.090913
977,0.008442
978,0.961569
979,0.051932
980,0.20142
981,0.194954
982,0.274414
983,0.395896
984,0.619667
985,0.020264
986,0.009951
987,0.872599
988,0.047333
989,0.118723
990,0.047522
991,0.756331
992,0.049653
993,0.311644
994,0.018115
995,0.04326
996,0.273989
997,0.270075
998,0.024305
999,0.067878
1000,0.017012
1001,0.012217
1002,0.014328
1003,0.090333
1004,0.685167
1005,0.116368
1006,0.425615
1007,0.243267
1008,0.405098
1009,0.191382
1010,0.018361
1011,0.054983
1012,0.957679
1013,0.334134
1014,0.506358
1015,0.016082
1016,0.278127
1017,0.059525
1018,0.049876
1019,0.067298
1020,0.529024
1021,0.816394
1022,0.009317
1023,0.582103
1024,0.459005
1025,0.914993
1026,0.039119
1027,0.032956
1028,0.26056
1029,0.006456
1030,0.104611
1031,0.017609
1032,0.454508
1033,0.454383
1034,0.020002
1035,0.483526
1036,0.518484
1037,0.073079
1038,0.261329
1039,0.338076
1040,0.037581
1041,0.814585
1042,0.700465
1043,0.34499
1044,0.8539
1045,0.007726
1046,0.100552
1047,0.344047
1048,0.036459
1049,0.250808
1050,0.163838
1051,0.0675
1052,0.007211
1053,0.243813
1054,0.802625
1055,0.030234
1056,0.0166
1057,0.013382
1058,0.154249
1059,0.02557
1060,0.117066
1061,0.006785
1062,0.030317
1063,0.919192
1064,0.014546
1065,0.668756
1066,0.990262
1067,0.697348
1068,0.207426
1069,0.01578
1070,0.055805
1071,0.360787
1072,0.083106
1073,0.104906
1074,0.306839
1075,0.048446
1076,0.871947
1077,0.983162
1078,0.388067
1079,0.010665
1080,0.07367
1081,0.008482
1082,0.116779
1083,0.825191
1084,0.01482
1085,0.549971
1086,0.223008
1087,0.185776
1088,0.270473
1089,0.592134
1090,0.008021
1091,0.112797
1092,0.110508
1093,0.926761
1094,0.219236
1095,0.032879
1096,0.357194
1097,0.281908
1098,0.770062
1099,0.10991
1100,0.475958
1101,0.026303
1102,0.223466
1103,0.058914
1104,0.553456
1105,0.225306
1106,0.01938
1107,0.167365
1108,0.496129
1109,0.012138
1110,0.162797
1111,0.028018
1112,0.01452
1113,0.073063
1114,0.283424
1115,0.396051
1116,0.799269
1117,0.484599
1118,0.320074
1119,0.024347
1120,0.237545
1121,0.271042
1122,0.216056
1123,0.08128
1124,0.553603
1125,0.91166
1126,0.014892
1127,0.022046
1128,0.044677
1129,0.022371
1130,0.115478
1131,0.546465
1132,0.048603
1133,0.11187
1134,0.416416
1135,0.026868
1136,0.047651
1137,0.59048
1138,0.125498
1139,0.101292
1140,0.010005
1141,0.942889
1142,0.018297
1143,0.020166
1144,0.007994
1145,0.220836
1146,0.00668
1147,0.641029
1148,0.0082
1149,0.295324
1150,0.088022
1151,0.672026
1152,0.018596
1153,0.011737
1154,0.014924
1155,0.454215
1156,0.013386
1157,0.513553
1158,0.012391
1159,0.347577
1160,0.017331
1161,0.822497
1162,0.179124
1163,0.74563
1164,0.404595
1165,0.076597
1166,0.01294
1167,0.461845
1168,0.503612
1169,0.496635
1170,0.414929
1171,0.30074
1172,0.0794
1173,0.476284
1174,0.581227
1175,0.017609
1176,0.532994
1177,0.023107
1178,0.604321
1179,0.038866
1180,0.277956
1181,0.227999
1182,0.55439
1183,0.80156
1184,0.029947
1185,0.369705
1186,0.020457
1187,0.282157
1188,0.818578
1189,0.109493
1190,0.083118
1191,0.013365
1192,0.839541
1193,0.248885
1194,0.384532
1195,0.024921
1196,0.020969
1197,0.471499
1198,0.083896
1199,0.408022
1200,0.56023
1201,0.776859
1202,0.008816
1203,0.071999
1204,0.043725
1205,0.234899
1206,0.423764
1207,0.011943
1208,0.032
1209,0.43379
1210,0.841509
1211,0.616043
1212,0.013435
1213,0.180457
1214,0.747933
1215,0.543121
1216,0.058281
1217,0.201927
1218,0.301285
1219,0.012218
1220,0.169193
1221,0.022465
1222,0.044708
1223,0.104017
1224,0.023792
1225,0.603579
1226,0.008787
1227,0.52261
1228,0.007804
1229,0.730956
1230,0.222119
1231,0.020402
1232,0.073793
1233,0.383079
1234,0.211111
1235,0.149391
1236,0.248203
1237,0.125513
1238,0.601688
1239,0.876579
1240,0.121017
1241,0.01645
1242,0.008441
1243,0.421493
1244,0.798149
1245,0.563355
1246,0.193004
1247,0.0097
1248,0.03948
1249,0.329935
1250,0.875658
1251,0.68915
1252,0.031775
1253,0.089446
1254,0.231189
1255,0.320197
1256,0.012611
1257,0.034599
1258,0.130098
1259,0.640543
1260,0.305434
1261,0.339528
1262,0.193595
1263,0.03737
1264,0.431843
1265,0.529194
1266,0.396231
1267,0.789915
1268,0.081497
1269,0.445111
1270,0.295488
1271,0.45999
1272,0.035976
1273,0.415487
1274,0.656437
1275,0.644248
1276,0.079071
1277,0.121573
1278,0.095513
1279,0.482557
1280,0.255197
1281,0.128139
1282,0.444622
1283,0.007773
1284,0.434644
1285,0.073798
1286,0.146049
1287,0.009343
1288,0.444449
1289,0.009139
1290,0.406395
1291,0.839921
1292,0.380371
1293,0.820158
1294,0.881097
1295,0.054231
1296,0.056977
1297,0.058443
1298,0.367571
1299,0.291096
1300,0.695973
1301,0.013287
1302,0.795273
1303,0.851012
1304,0.026663
1305,0.317381
1306,0.022804
1307,0.041544
1308,0.013989
1309,0.079724
1310,0.350015
1311,0.064314
1312,0.01045
1313,0.479295
1314,0.155877
1315,0.046908
1316,0.195863
1317,0.616659
1318,0.111052
1319,0.02886
1320,0.286111
1321,0.181285
1322,0.360709
1323,0.423851
1324,0.24611
1325,0.267938
1326,0.204487
1327,0.367364
1328,0.91093
1329,0.042947
1330,0.238276
1331,0.95789
1332,0.528741
1333,0.08687
1334,0.091103
1335,0.167398
1336,0.549645
1337,0.172398
1338,0.018446
1339,0.025108
1340,0.012078
1341,0.281427
1342,0.791977
1343,0.024427
1344,0.266739
1345,0.111463
1346,0.012761
1347,0.24156
1348,0.457318
1349,0.010633
1350,0.01419
1351,0.943332
1352,0.006539
1353,0.082066
1354,0.02556
1355,0.886502
1356,0.022251
1357,0.018699
1358,0.10234
1359,0.423225
1360,0.464461
1361,0.01947
1362,0.397525
1363,0.009412
1364,0.38477
1365,0.037846
1366,0.029369
1367,0.221341
1368,0.032176
1369,0.031356
1370,0.306391
1371,0.163664
1372,0.08601
1373,0.057663
1374,0.371118
1375,0.146925
1376,0.01068
1377,0.08245
1378,0.05043
1379,0.191683
1380,0.08682
1381,0.789645
1382,0.119107
1383,0.254864
1384,0.236376
1385,0.418534
1386,0.265905
1387,0.695886
1388,0.007128
1389,0.360116
1390,0.022717
1391,0.016482
1392,0.93814
1393,0.955467
1394,0.023885
1395,0.008791
1396,0.026363
1397,0.420152
1398,0.030139
1399,0.096006
1400,0.326605
1401,0.183098
1402,0.153626
1403,0.198332
1404,0.233549
1405,0.823587
1406,0.032457
1407,0.075993
1408,0.016571
1409,0.510015
1410,0.41984
1411,0.017898
1412,0.096583
1413,0.03668
1414,0.03136
1415,0.020899
1416,0.70143
1417,0.625474
1418,0.08435
1419,0.025627
1420,0.098478
1421,0.077608
1422,0.013988
1423,0.058417
1424,0.872036
1425,0.467942
1426,0.142703
1427,0.917497
1428,0.25983
1429,0.006914
1430,0.396116
1431,0.147357
1432,0.857823
1433,0.152456
1434,0.782033
1435,0.041505
1436,0.613878
1437,0.270808
1438,0.012412
1439,0.011992
1440,0.631666
1441,0.041154
1442,0.538044
1443,0.097062
1444,0.176832
1445,0.520082
1446,0.029042
1447,0.026481
1448,0.490295
1449,0.271322
1450,0.778934
1451,0.052003
1452,0.467091
1453,0.015539
1454,0.034362
1455,0.032196
1456,0.081886
1457,0.685431
1458,0.060537
1459,0.576351
1460,0.02978
1461,0.341396
1462,0.006875
1463,0.061635
1464,0.013729
1465,0.177956
1466,0.020715
1467,0.01953
1468,0.029037
1469,0.13785
1470,0.012591
1471,0.417087
1472,0.006909
1473,0.936523
1474,0.010267
1475,0.755839
1476,0.047831
1477,0.026973
1478,0.637441
1479,0.44907
1480,0.169117
1481,0.051444
1482,0.898991
1483,0.414986
1484,0.035709
1485,0.007669
1486,0.401807
1487,0.092099
1488,0.176349
1489,0.033328
1490,0.963114
1491,0.20714
1492,0.012844
1493,0.162061
1494,0.042327
1495,0.348208
1496,0.065141
1497,0.012082
1498,0.096494
1499,0.008847
1500,0.196548
1501,0.002813
1502,0.234506
1503,0.01344
1504,0.082823
1505,0.081571
1506,0.40428
1507,0.563583
1508,0.456115
1509,0.351122
1510,0.016744
1511,0.43373
1512,0.124703
1513,0.538849
1514,0.448088
1515,0.685758
1516,0.497148
1517,0.588374
1518,0.803436
1519,0.038094
1520,0.009938
1521,0.774332
1522,0.787987
1523,0.266381
1524,0.078597
1525,0.096931
1526,0.188971
1527,0.231291
1528,0.059633
1529,0.937659
1530,0.060913
1531,0.038945
1532,0.887413
1533,0.007709
1534,0.195151
1535,0.838991
1536,0.162599
1537,0.25499
1538,0.484893
1539,0.031304
1540,0.231779
1541,0.015492
1542,0.579977
1543,0.019266
1544,0.063739
1545,0.029949
1546,0.019498
1547,0.121665
1548,0.941835
1549,0.097934
1550,0.475646
1551,0.056406
1552,0.096632
1553,0.043798
1554,0.130649
1555,0.153088
1556,0.345593
1557,0.401061
1558,0.134363
1559,0.2334
1560,0.922938
1561,0.112921
1562,0.03266
1563,0.01603
1564,0.814088
1565,0.081826
1566,0.034899
1567,0.301335
1568,0.617121
1569,0.083936
1570,0.342304
1571,0.780155
1572,0.054686
1573,0.006192
1574,0.054866
1575,0.12196
1576,0.542557
1577,0.312813
1578,0.066868
1579,0.006874
1580,0.30991
1581,0.53462
1582,0.349628
1583,0.82802
1584,0.550931
1585,0.318243
1586,0.016715
1587,0.021146
1588,0.129517
1589,0.115068
1590,0.01638
1591,0.551779
1592,0.092635
1593,0.32797
1594,0.704792
1595,0.521346
1596,0.437539
1597,0.012364
1598,0.171231
1599,0.390246
1600,0.163703
1601,0.234571
1602,0.875416
1603,0.743363
1604,0.817838
1605,0.216775
1606,0.301562
1607,0.011005
1608,0.461939
1609,0.120874
1610,0.381631
1611,0.028455
1612,0.069733
1613,0.430009
1614,0.307229
1615,0.370883
1616,0.076588
1617,0.14323
1618,0.076893
1619,0.413308
1620,0.011686
1621,0.36054
1622,0.193598
1623,0.013465
1624,0.347512
1625,0.212301
1626,0.0812
1627,0.71864
1628,0.414437
1629,0.541726
1630,0.70543
1631,0.036312
1632,0.876297
1633,0.155874
1634,0.892837
1635,0.025828
1636,0.181444
1637,0.018293
1638,0.191172
1639,0.964155
1640,0.117675
1641,0.921132
1642,0.008605
1643,0.337328
1644,0.095542
1645,0.017686
1646,0.455903
1647,0.367694
1648,0.8006
1649,0.025365
1650,0.57371
1651,0.016299
1652,0.052277
1653,0.018395
1654,0.006334
1655,0.018741
1656,0.048172
1657,0.477775
1658,0.011414
1659,0.851205
1660,0.023062
1661,0.008735
1662,0.827606
1663,0.527232
1664,0.356759
1665,0.010446
1666,0.015597
1667,0.074913
1668,0.025829
1669,0.819786
1670,0.217504
1671,0.100809
1672,0.038002
1673,0.329211
1674,0.047863
1675,0.028749
1676,0.015771
1677,0.013164
1678,0.045154
1679,0.007183
1680,0.012158
1681,0.105219
1682,0.041021
1683,0.130755
1684,0.26829
1685,0.022708
1686,0.402796
1687,0.235824
1688,0.008015
1689,0.042239
1690,0.668857
1691,0.020243
1692,0.628744
1693,0.335589
1694,0.140449
1695,0.948682
1696,0.321115
1697,0.039863
1698,0.006156
1699,0.11739
1700,0.353255
1701,0.236405
1702,0.030505
1703,0.010014
1704,0.024353
1705,0.148024
1706,0.506342
1707,0.048192
1708,0.313204
1709,0.296119
1710,0.410357
1711,0.038036
1712,0.587229
1713,0.473795
1714,0.012668
1715,0.087215
1716,0.007773
1717,0.906927
1718,0.44097
1719,0.782917
1720,0.226607
1721,0.382702
1722,0.012391
1723,0.86039
1724,0.645112
1725,0.846236
1726,0.054665
1727,0.597142
1728,0.1472
1729,0.227601
1730,0.588856
1731,0.842816
1732,0.027309
1733,0.06962
1734,0.026828
1735,0.01516
1736,0.280929
1737,0.982631
1738,0.507406
1739,0.258551
1740,0.023009
1741,0.450358
1742,0.025938
1743,0.023817
1744,0.292477
1745,0.006021
1746,0.044236
1747,0.042986
1748,0.026105
1749,0.30168
1750,0.932631
1751,0.240374
1752,0.108357
1753,0.137525
1754,0.042335
1755,0.054305
1756,0.131551
1757,0.153282
1758,0.411052
1759,0.341404
1760,0.718769
1761,0.132091
1762,0.079644
1763,0.144863
1764,0.028025
1765,0.148803
1766,0.047698
1767,0.045867
1768,0.060603
1769,0.511183
1770,0.176527
1771,0.172527
1772,0.011249
1773,0.470474
1774,0.330594
1775,0.581279
1776,0.006965
1777,0.4394
1778,0.012577
1779,0.030564
1780,0.018282
1781,0.842099
1782,0.156189
1783,0.569479
1784,0.006676
1785,0.062918
1786,0.007772
1787,0.078295
1788,0.228021
1789,0.161278
1790,0.805321
1791,0.421521
1792,0.472724
1793,0.016627
1794,0.039712
1795,0.925956
1796,0.079509
1797,0.008015
1798,0.327976
1799,0.068453
1800,0.074846
1801,0.167824
1802,0.050017
1803,0.016447
1804,0.511361
1805,0.584104
1806,0.154131
1807,0.166653
1808,0.164264
1809,0.671349
1810,0.831653
1811,0.024455
1812,0.012139
1813,0.066198
1814,0.271124
1815,0.13419
1816,0.864853
1817,0.924058
1818,0.440566
1819,0.77428
1820,0.011164
1821,0.163563
1822,0.850257
1823,0.022044
1824,0.035052
1825,0.184172
1826,0.110281
1827,0.773483
1828,0.811466
1829,0.007876
1830,0.024991
1831,0.823987
1832,0.616156
1833,0.033703
1834,0.783094
1835,0.511325
1836,0.007727
1837,0.389151
1838,0.285031
1839,0.959269
1840,0.413221
1841,0.826167
1842,0.348523
1843,0.327219
1844,0.112509
1845,0.047828
1846,0.288934
1847,0.151299
1848,0.843302
1849,0.100671
1850,0.012534
1851,0.016924
1852,0.078191
1853,0.19562
1854,0.896104
1855,0.040147
1856,0.134017
1857,0.006961
1858,0.508269
1859,0.141087
1860,0.569315
1861,0.211398
1862,0.015928
1863,0.576421
1864,0.93385
1865,0.024279
1866,0.17142
1867,0.555699
1868,0.020695
1869,0.156923
1870,0.220771
1871,0.019272
1872,0.17578
1873,0.022957
1874,0.026615
1875,0.032504
1876,0.020566
1877,0.054503
1878,0.009532
1879,0.11706
1880,0.272078
1881,0.776338
1882,0.014713
1883,0.88359
1884,0.012095
1885,0.11947
1886,0.421636
1887,0.005764
1888,0.092988
1889,0.545815
1890,0.42335
1891,0.190317
1892,0.209034
1893,0.025003
1894,0.415457
1895,0.088103
1896,0.143638
1897,0.017139
1898,0.033081
1899,0.340314
1900,0.335904
1901,0.022329
1902,0.387209
1903,0.9647
1904,0.031749
1905,0.026481
1906,0.628669
1907,0.410083
1908,0.012059
1909,0.526242
1910,0.108938
1911,0.066927
1912,0.006728
1913,0.022594
1914,0.222063
1915,0.545495
1916,0.457154
1917,0.090959
1918,0.119517
1919,0.879905
1920,0.098334
1921,0.281217
1922,0.009329
1923,0.060925
1924,0.308031
1925,0.023447
1926,0.56545
1927,0.066001
1928,0.436611
1929,0.21382
1930,0.066173
1931,0.065232
1932,0.043533
1933,0.023966
1934,0.043669
1935,0.231008
1936,0.044697
1937,0.277278
1938,0.49642
1939,0.101982
1940,0.024275
1941,0.908233
1942,0.042018
1943,0.461664
1944,0.030247
1945,0.007694
1946,0.428214
1947,0.04241
1948,0.740367
1949,0.112236
1950,0.015273
1951,0.428181
1952,0.532395
1953,0.331146
1954,0.058214
1955,0.1121
1956,0.377576
1957,0.014214
1958,0.211464
1959,0.033029
1960,0.512463
1961,0.067704
1962,0.014546
1963,0.200199
1964,0.151088
1965,0.016307
1966,0.045639
1967,0.247194
1968,0.147317
1969,0.684088
1970,0.136699
1971,0.334015
1972,0.301164
1973,0.030875
1974,0.008719
1975,0.072023
1976,0.150851
1977,0.039352
1978,0.053264
1979,0.219467
1980,0.481769
1981,0.267586
1982,0.440484
1983,0.440115
1984,0.966117
1985,0.293102
1986,0.34186
1987,0.013421
1988,0.35864
1989,0.021226
1990,0.580599
1991,0.552487
1992,0.160178
1993,0.024137
1994,0.615176
1995,0.275375
1996,0.13817
1997,0.780694
1998,0.166311
1999,0.17105
2000,0.025053
2001,0.628169
2002,0.111366
2003,0.49133
2004,0.009724
2005,0.073161
2006,0.074102
2007,0.146606
2008,0.207396
2009,0.102221
2010,0.441553
2011,0.266363
2012,0.089118
2013,0.417136
2014,0.063024
2015,0.019375
2016,0.037682
2017,0.100971
2018,0.391091
2019,0.588298
2020,0.782277
2021,0.853881
2022,0.105161
2023,0.022243
2024,0.027726
2025,0.020544
2026,0.496845
2027,0.007134
2028,0.374704
2029,0.027284
2030,0.1438
2031,0.092177
2032,0.117193
2033,0.617298
2034,0.829002
2035,0.014673
2036,0.480545
2037,0.179313
2038,0.170919
2039,0.059443
2040,0.161059
2041,0.022096
2042,0.009879
2043,0.017315
2044,0.057115
2045,0.229326
2046,0.039176
2047,0.019625
2048,0.237968
2049,0.011041
2050,0.019721
2051,0.024592
2052,0.00745
2053,0.008934
2054,0.098684
2055,0.42103
2056,0.433597
2057,0.766822
2058,0.150068
2059,0.465349
2060,0.02703
2061,0.97518
2062,0.012635
2063,0.816861
2064,0.024437
2065,0.016846
2066,0.562075
2067,0.014366
2068,0.379672
2069,0.012688
2070,0.005808
2071,0.032161
2072,0.039284
2073,0.398625
2074,0.109832
2075,0.089472
2076,0.067529
2077,0.343005
2078,0.600402
2079,0.150374
2080,0.007769
2081,0.117255
2082,0.055936
2083,0.029248
2084,0.036199
2085,0.138359
2086,0.300234
2087,0.030923
2088,0.875278
2089,0.019113
2090,0.475786
2091,0.807467
2092,0.007754
2093,0.108192
2094,0.049786
2095,0.02931
2096,0.0068
2097,0.360054
2098,0.194595
2099,0.069692
2100,0.037663
2101,0.221675
2102,0.195535
2103,0.326688
2104,0.265705
2105,0.058145
2106,0.039025
2107,0.404036
2108,0.52343
2109,0.888767
2110,0.579932
2111,0.239088
2112,0.799955
2113,0.080874
2114,0.125513
2115,0.040426
2116,0.066375
2117,0.914391
2118,0.276387
2119,0.378176
2120,0.236121
2121,0.816342
2122,0.829254
2123,0.948438
2124,0.920423
2125,0.019098
2126,0.013515
2127,0.682083
2128,0.578219
2129,0.177392
2130,0.825373
2131,0.276282
2132,0.942839
2133,0.110556
2134,0.0437
2135,0.916374
2136,0.007664
2137,0.059346
2138,0.118866
2139,0.704561
2140,0.153678
2141,0.191578
2142,0.249993
2143,0.222598
2144,0.014253
2145,0.02474
2146,0.008818
2147,0.932268
2148,0.155509
2149,0.059458
2150,0.15661
2151,0.411236
2152,0.380308
2153,0.107981
2154,0.582316
2155,0.083874
2156,0.029502
2157,0.033953
2158,0.312851
2159,0.317617
2160,0.290168
2161,0.924199
2162,0.079921
2163,0.329988
2164,0.416138
2165,0.082711
2166,0.016323
2167,0.043568
2168,0.52742
2169,0.13062
2170,0.242553
2171,0.11169
2172,0.376487
2173,0.230596
2174,0.36303
2175,0.45457
2176,0.036724
2177,0.36614
2178,0.400047
2179,0.366136
2180,0.313211
2181,0.601293
2182,0.863481
2183,0.033285
2184,0.239509
2185,0.043362
2186,0.120483
2187,0.962739
2188,0.411026
2189,0.327136
2190,0.401002
2191,0.220414
2192,0.045498
2193,0.35524
2194,0.624332
2195,0.042083
2196,0.334584
2197,0.439617
2198,0.017043
2199,0.011331
2200,0.418751
2201,0.593782
2202,0.961704
2203,0.869093
2204,0.216639
2205,0.582613
2206,0.65699
2207,0.13963
2208,0.01486
2209,0.007417
2210,0.72482
2211,0.441005
2212,0.013587
2213,0.933306
2214,0.492853
2215,0.184557
2216,0.845641
2217,0.705656
2218,0.051241
2219,0.357762
2220,0.570282
2221,0.268931
2222,0.08954
2223,0.197917
2224,0.014449
2225,0.901871
2226,0.039086
2227,0.534372
2228,0.165068
2229,0.407364
2230,0.044187
2231,0.007586
2232,0.02905
2233,0.012548
2234,0.043269
2235,0.026072
2236,0.158923
2237,0.202102
2238,0.515647
2239,0.052144
2240,0.344519
2241,0.26194
2242,0.810782
2243,0.111537
2244,0.450617
2245,0.018942
2246,0.175738
2247,0.582671
2248,0.18833
2249,0.018006
2250,0.557863
2251,0.177566
2252,0.008562
2253,0.091429
2254,0.034702
2255,0.055066
2256,0.014447
2257,0.993616
2258,0.351235
2259,0.086001
2260,0.040525
2261,0.09815
2262,0.573628
2263,0.027085
2264,0.567698
2265,0.014444
2266,0.112212
2267,0.144238
2268,0.065304
2269,0.580277
2270,0.154116
2271,0.010917
2272,0.255126
2273,0.225224
2274,0.013956
2275,0.01407
2276,0.017558
2277,0.224303
2278,0.138006
2279,0.04498
2280,0.009976
2281,0.295916
2282,0.043233
2283,0.014978
2284,0.816471
2285,0.032783
2286,0.023822
2287,0.427005
2288,0.018791
2289,0.116789
2290,0.006796
2291,0.876188
2292,0.015691
2293,0.0428
2294,0.016261
2295,0.135382
2296,0.003183
2297,0.947321
2298,0.012034
2299,0.048512
2300,0.027022
2301,0.125325
2302,0.693294
2303,0.49091
2304,0.271967
2305,0.06697
2306,0.891814
2307,0.022016
2308,0.343912
2309,0.020635
2310,0.038118
2311,0.137382
2312,0.730837
2313,0.188221
2314,0.547679
2315,0.035089
2316,0.405333
2317,0.429475
2318,0.384948
2319,0.103953
2320,0.007706
2321,0.017765
2322,0.224244
2323,0.512588
2324,0.823687
2325,0.041587
2326,0.062327
2327,0.030882
2328,0.031834
2329,0.125771
2330,0.849529
2331,0.054285
2332,0.087243
2333,0.300415
2334,0.130882
2335,0.309125
2336,0.006436
2337,0.180964
2338,0.219736
2339,0.95642
2340,0.201741
2341,0.014959
2342,0.084057
2343,0.611998
2344,0.169154
2345,0.029065
2346,0.652892
2347,0.243195
2348,0.109494
2349,0.006938
2350,0.020312
2351,0.046168
2352,0.084611
2353,0.580009
2354,0.274218
2355,0.071674
2356,0.510165
2357,0.071617
2358,0.437847
2359,0.071117
2360,0.019523
2361,0.806272
2362,0.014921
2363,0.495309
2364,0.03943
2365,0.815546
2366,0.74414
2367,0.040331
2368,0.793841
2369,0.025744
2370,0.302356
2371,0.010224
2372,0.027988
2373,0.007815
2374,0.075799
2375,0.86665
2376,0.441071
2377,0.037755
2378,0.626397
2379,0.072015
2380,0.010844
2381,0.414777
2382,0.525821
2383,0.035995
2384,0.006471
2385,0.027957
2386,0.092675
2387,0.068746
2388,0.102081
2389,0.299699
2390,0.008491
2391,0.377177
2392,0.012195
2393,0.32842
2394,0.080026
2395,0.425407
2396,0.030128
2397,0.13443
2398,0.30555
2399,0.014112
2400,0.028869
2401,0.059121
2402,0.931293
2403,0.501789
2404,0.022463
2405,0.657448
2406,0.961901
2407,0.813254
2408,0.008242
2409,0.034856
2410,0.690018
2411,0.043864
2412,0.115288
2413,0.405411
2414,0.059346
2415,0.177404
2416,0.010015
2417,0.70097
2418,0.186954
2419,0.087569
2420,0.157435
2421,0.007374
2422,0.705977
2423,0.843518
2424,0.478498
2425,0.928196
2426,0.81361
2427,0.350712
2428,0.192763
2429,0.595145
2430,0.458597
2431,0.050796
2432,0.333826
2433,0.852871
2434,0.687657
2435,0.321456
2436,0.039407
2437,0.834708
2438,0.023037
2439,0.157957
2440,0.53458
2441,0.114376
2442,0.097711
2443,0.018436
2444,0.710178
2445,0.157412
2446,0.524622
2447,0.823406
2448,0.022987
2449,0.011201
2450,0.146004
2451,0.55446
2452,0.358157
2453,0.019983
2454,0.10591
2455,0.04263
2456,0.006553
2457,0.57883
2458,0.009912
2459,0.723254
2460,0.015047
2461,0.784243
2462,0.313287
2463,0.066462
2464,0.039083
2465,0.123917
2466,0.11086
2467,0.012261
2468,0.417811
2469,0.277711
2470,0.381589
2471,0.015
2472,0.359172
2473,0.302456
2474,0.01363
2475,0.854554
2476,0.327043
2477,0.259432
2478,0.12135
2479,0.440943
2480,0.821604
2481,0.090508
2482,0.020721
2483,0.51555
2484,0.083577
2485,0.196856
2486,0.096489
2487,0.77241
2488,0.126682
2489,0.422309
2490,0.170211
2491,0.788007
2492,0.226794
2493,0.064295
2494,0.255218
2495,0.20856
2496,0.960283
2497,0.012763
2498,0.530886
2499,0.03067
2500,0.018807
2501,0.18869
2502,0.179958
2503,0.485256
2504,0.012534
2505,0.007905
2506,0.048978
2507,0.0211
2508,0.010778
2509,0.03261
2510,0.118589
2511,0.070189
2512,0.007621
2513,0.313092
2514,0.848381
2515,0.22347
2516,0.037346
2517,0.868816
2518,0.098031
2519,0.092619
2520,0.024993
2521,0.462886
2522,0.008649
2523,0.66325
2524,0.02656
2525,0.091696
2526,0.017379
2527,0.025468
2528,0.856108
2529,0.169528
2530,0.130448
2531,0.137299
2532,0.459473
2533,0.940422
2534,0.125125
2535,0.010907
2536,0.062709
2537,0.017271
2538,0.312359
2539,0.006925
2540,0.041828
2541,0.259837
2542,0.022735
2543,0.394616
2544,0.070267
2545,0.01022
2546,0.799922
2547,0.024899
2548,0.797447
2549,0.095096
2550,0.098822
2551,0.016753
2552,0.007464
2553,0.035401
2554,0.987652
2555,0.420713
2556,0.707103
2557,0.52673
2558,0.04063
2559,0.422375
2560,0.94089
2561,0.88701
2562,0.365643
2563,0.743836
2564,0.127356
2565,0.268154
2566,0.38908
2567,0.016057
2568,0.484626
2569,0.097557
2570,0.020952
2571,0.902845
2572,0.063973
2573,0.064593
2574,0.007552
2575,0.119543
2576,0.030039
2577,0.421846
2578,0.050349
2579,0.115489
2580,0.832009
2581,0.007955
2582,0.030373
2583,0.347801
2584,0.160739
2585,0.186564
2586,0.239832
2587,0.319075
2588,0.333974
2589,0.424864
2590,0.025932
2591,0.006301
2592,0.051011
2593,0.012014
2594,0.017002
2595,0.454229
2596,0.325573
2597,0.287103
2598,0.020833
2599,0.33472
2600,0.00828
2601,0.012116
2602,0.084535
2603,0.016774
2604,0.049995
2605,0.056016
2606,0.054164
2607,0.007476
2608,0.023387
2609,0.323913
2610,0.104515
2611,0.877025
2612,0.026507
2613,0.037593
2614,0.589973
2615,0.436065
2616,0.007935
2617,0.070725
2618,0.138898
2619,0.69502
2620,0.069209
2621,0.401891
2622,0.013073
2623,0.112177
2624,0.049547
2625,0.419432
2626,0.019311
2627,0.00873
2628,0.216739
2629,0.487134
2630,0.01372
2631,0.335883
2632,0.212089
2633,0.943106
2634,0.405064
2635,0.034573
2636,0.10923
2637,0.013379
2638,0.017584
2639,0.796589
2640,0.050921
2641,0.842258
2642,0.959486
2643,0.039681
2644,0.342281
2645,0.45758
2646,0.219143
2647,0.21857
2648,0.120941
2649,0.295691
2650,0.92921
2651,0.035914
2652,0.026048
2653,0.008045
2654,0.171662
2655,0.034603
2656,0.036335
2657,0.056031
2658,0.730052
2659,0.389592
2660,0.010152
2661,0.144586
2662,0.020349
2663,0.061913
2664,0.242841
2665,0.480527
2666,0.364009
2667,0.860928
2668,0.020463
2669,0.460855
2670,0.020234
2671,0.877015
2672,0.46577
2673,0.206219
2674,0.934336
2675,0.053095
2676,0.462083
2677,0.270914
2678,0.19066
2679,0.01075
2680,0.181935
2681,0.017755
2682,0.317835
2683,0.021576
2684,0.124799
2685,0.042982
2686,0.328845
2687,0.032854
2688,0.380486
2689,0.012304
2690,0.189096
2691,0.853732
2692,0.046141
2693,0.247432
2694,0.02141
2695,0.938644
2696,0.322383
2697,0.0694
2698,0.012701
2699,0.011372
2700,0.096457
2701,0.019397
2702,0.487725
2703,0.121696
2704,0.081869
2705,0.299656
2706,0.220903
2707,0.050242
2708,0.146205
2709,0.965094
2710,0.048088
2711,0.23727
2712,0.014189
2713,0.025044
2714,0.037972
2715,0.006772
2716,0.362063
2717,0.671141
2718,0.021379
2719,0.03317
2720,0.006268
2721,0.039701
2722,0.26387
2723,0.136413
2724,0.055819
2725,0.71587
2726,0.008141
2727,0.887519
2728,0.347101
2729,0.199057
2730,0.059364
2731,0.006258
2732,0.867664
2733,0.854761
2734,0.8462
2735,0.01817
2736,0.010627
2737,0.208065
2738,0.008
2739,0.319139
2740,0.499382
2741,0.80898
2742,0.009787
2743,0.665832
2744,0.897709
2745,0.03152
2746,0.189224
2747,0.067517
2748,0.741578
2749,0.68302
2750,0.018758
2751,0.327025
2752,0.077118
2753,0.444176
2754,0.887656
2755,0.350623
2756,0.038219
2757,0.828964
2758,0.032628
2759,0.04942
2760,0.015893
2761,0.431605
2762,0.063234
2763,0.546523
2764,0.044972
2765,0.8361
2766,0.791287
2767,0.885662
2768,0.045476
2769,0.165918
2770,0.229241
2771,0.04905
2772,0.026799
2773,0.016151
2774,0.15265
2775,0.025437
2776,0.041164
2777,0.01439
2778,0.863724
2779,0.053511
2780,0.040346
2781,0.102919
2782,0.044886
2783,0.851361
2784,0.655466
2785,0.125374
2786,0.324565
2787,0.032648
2788,0.105686
2789,0.598161
2790,0.039547
2791,0.033451
2792,0.32649
2793,0.006805
2794,0.043643
2795,0.104754
2796,0.018497
2797,0.010099
2798,0.759674
2799,0.077516
2800,0.03326
2801,0.009491
2802,0.040783
2803,0.028024
2804,0.193915
2805,0.165715
2806,0.185058
2807,0.021856
2808,0.89027
2809,0.20947
2810,0.039289
2811,0.854851
2812,0.01668
2813,0.419352
2814,0.424827
2815,0.104204
2816,0.039869
2817,0.030924
2818,0.03978
2819,0.694446
2820,0.124272
2821,0.541025
2822,0.007531
2823,0.018448
2824,0.243659
2825,0.026711
2826,0.375491
2827,0.051408
2828,0.049603
2829,0.697225
2830,0.024895
2831,0.024345
2832,0.087983
2833,0.247074
2834,0.080174
2835,0.036344
2836,0.494607
2837,0.587851
2838,0.051488
2839,0.124494
2840,0.862265
2841,0.197696
2842,0.233914
2843,0.14504
2844,0.512157
2845,0.153345
2846,0.102417
2847,0.035619
2848,0.012541
2849,0.006954
2850,0.412266
2851,0.500264
2852,0.007123
2853,0.012713
2854,0.023177
2855,0.248728
2856,0.797531
2857,0.027549
2858,0.065493
2859,0.629995
2860,0.230992
2861,0.291936
2862,0.008575
2863,0.007413
2864,0.006793
2865,0.123493
2866,0.653899
2867,0.141463
2868,0.84083
2869,0.040694
2870,0.919866
2871,0.154111
2872,0.435884
2873,0.024784
2874,0.422587
2875,0.96186
2876,0.13123
2877,0.896617
2878,0.013074
2879,0.368078
2880,0.552993
2881,0.931933
2882,0.834167
2883,0.098779
2884,0.851259
2885,0.202262
2886,0.164578
2887,0.904863
2888,0.679914
2889,0.009429
2890,0.217237
2891,0.03368
2892,0.024729
2893,0.276951
2894,0.081964
2895,0.032373
2896,0.044766
2897,0.958943
2898,0.010016
2899,0.054242
2900,0.009505
2901,0.07001
2902,0.961729
2903,0.731846
2904,0.03735
2905,0.406171
2906,0.025678
2907,0.109638
2908,0.348117
2909,0.023293
2910,0.056224
2911,0.006831
2912,0.009423
2913,0.35281
2914,0.029789
2915,0.411724
2916,0.014391
2917,0.971363
2918,0.203466
2919,0.231552
2920,0.007444
2921,0.355813
2922,0.049001
2923,0.06901
2924,0.012687
2925,0.122581
2926,0.014383
2927,0.008616
2928,0.884924
2929,0.077961
2930,0.319659
2931,0.065315
2932,0.015282
2933,0.872534
2934,0.009873
2935,0.045364
2936,0.111737
2937,0.208139
2938,0.022632
2939,0.172849
2940,0.043615
2941,0.2928
2942,0.009068
2943,0.053921
2944,0.419198
2945,0.039531
2946,0.894588
2947,0.24636
2948,0.046821
2949,0.079625
2950,0.309578
2951,0.535925
2952,0.405246
2953,0.493216
2954,0.024068
2955,0.020684
2956,0.098536
2957,0.916947
2958,0.264339
2959,0.02242
2960,0.201237
2961,0.008055
2962,0.431786
2963,0.356208
2964,0.028688
2965,0.324909
2966,0.047743
2967,0.020816
2968,0.214967
2969,0.101112
2970,0.55297
2971,0.23682
2972,0.01015
2973,0.368945
2974,0.03465
2975,0.04318
2976,0.13558
2977,0.035967
2978,0.877723
2979,0.160838
2980,0.025472
2981,0.039666
2982,0.159129
2983,0.126945
2984,0.433032
2985,0.127668
2986,0.013847
2987,0.637515
2988,0.254239
2989,0.036088
2990,0.681682
2991,0.254751
2992,0.247913
2993,0.266646
2994,0.430837
2995,0.322932
2996,0.011621
2997,0.253803
2998,0.019
2999,0.009813
3000,0.026071
3001,0.022582
3002,0.422794
3003,0.077643
3004,0.008898
3005,0.469205
3006,0.049358
3007,0.034258
3008,0.059338
3009,0.164456
3010,0.877452
3011,0.106294
3012,0.027418
3013,0.085946
3014,0.526634
3015,0.011116
3016,0.042938
3017,0.010521
3018,0.916145
3019,0.141582
3020,0.503353
3021,0.024844
3022,0.011078
3023,0.424351
3024,0.009446
3025,0.087455
3026,0.041851
3027,0.203579
3028,0.078888
3029,0.338242
3030,0.213876
3031,0.360193
3032,0.026806
3033,0.073759
3034,0.625417
3035,0.020514
3036,0.975948
3037,0.014837
3038,0.00766
3039,0.858502
3040,0.02003
3041,0.276971
3042,0.096855
3043,0.076102
3044,0.057518
3045,0.073492
3046,0.013861
3047,0.397981
3048,0.080842
3049,0.591326
3050,0.134276
3051,0.011563
3052,0.010057
3053,0.087142
3054,0.00784
3055,0.00893
3056,0.648855
3057,0.013225
3058,0.174179
3059,0.006514
3060,0.535675
3061,0.43269
